--[[ ⚡ عمك F3 hub v10 ⚡ ]]
--[[ 🔐 PHANTOM-X Signature Protected ]]
local Yw=string.char
local TF=table.concat
local Sg=pcall
local EO=type
if not game or not workspace then return end
local AS=loadstring or load
if EO(AS)~='function' then return end
local _S={99,124,119,123,242,107,111,197,48,1,103,43,254,215,171,118,202,130,201,125,250,89,71,240,173,212,162,175,156,164,114,192,183,253,147,38,54,63,247,204,52,165,229,241,113,216,49,21,4,199,35,195,24,150,5,154,7,18,128,226,235,39,178,117,9,131,44,26,27,110,90,160,82,59,214,179,41,227,47,132,83,209,0,237,32,252,177,91,106,203,190,57,74,76,88,207,208,239,170,251,67,77,51,133,69,249,2,127,80,60,159,168,81,163,64,143,146,157,56,245,188,182,218,33,16,255,243,210,205,12,19,236,95,151,68,23,196,167,126,61,100,93,25,115,96,129,79,220,34,42,144,136,70,238,184,20,222,94,11,219,224,50,58,10,73,6,36,92,194,211,172,98,145,149,228,121,231,200,55,109,141,213,78,169,108,86,244,234,101,122,174,8,186,120,37,46,28,166,180,198,232,221,116,31,75,189,139,138,112,62,181,102,72,3,246,14,97,53,87,185,134,193,29,158,225,248,152,17,105,217,142,148,155,30,135,233,206,85,40,223,140,161,137,13,191,230,66,104,65,153,45,15,176,84,187,22}
local _IS={82,9,106,213,48,54,165,56,191,64,163,158,129,243,215,251,124,227,57,130,155,47,255,135,52,142,67,68,196,222,233,203,84,123,148,50,166,194,35,61,238,76,149,11,66,250,195,78,8,46,161,102,40,217,36,178,118,91,162,73,109,139,209,37,114,248,246,100,134,104,152,22,212,164,92,204,93,101,182,146,108,112,72,80,253,237,185,218,94,21,70,87,167,141,157,132,144,216,171,0,140,188,211,10,247,228,88,5,184,179,69,6,208,44,30,143,202,63,15,2,193,175,189,3,1,19,138,107,58,145,17,65,79,103,220,234,151,242,207,206,240,180,230,115,150,172,116,34,231,173,53,133,226,249,55,232,28,117,223,110,71,241,26,113,29,41,197,137,111,183,98,14,170,24,190,27,252,86,62,75,198,210,121,32,154,219,192,254,120,205,90,244,31,221,168,51,136,7,199,49,177,18,16,89,39,128,236,95,96,81,127,169,25,181,74,13,45,229,122,159,147,201,156,239,160,224,59,77,174,42,245,176,200,235,187,60,131,83,153,97,23,43,4,126,186,119,214,38,225,105,20,99,85,33,12,125}
local _D={175,255,216,199,254,86,214,246,179,212,32,128,21,9,74,223,120,102,27,92,173,241,31,146,88,97,94,207,201,119,103,90,140,184,79,14,239,89,164,98,76,180,112,202,114,50,172,20,144,197,215,28,143,112,162,57,102,237,242,218,244,42,147,201,208,189,115,125,220,3,116,61,91,116,113,13,31,235,95,136,58,70,221,121,252,96,26,115,137,68,17,25,124,176,137,198,237,161,83,212,36,108,164,193,25,153,141,215,115,225,176,132,50,109,54,198,188,61,127,72,187,7,255,8,137,152,172,142,83,128,35,169,124,157,255,43,84,51,81,231,18,216,235,78,20,102,28,204,39,153,130,45,222,196,142,148,222,251,106,191,219,25,22,229,193,53,193,126,246,230,94,239,66,219,74,13,139,252,188,41,187,73,161,162,16,194,180,132,33,26,164,46,213,218,64,218,41,153,103,144,43,203,250,243,166,63,16,66,185,220,105,75,86,234,216,255,1,199,145,71,89,42,87,124,74,229,159,159,126,190,76,78,106,150,160,102,47,207,50,125,15,77,45,50,173,203,60,62,182,57,199,253,234,142,150,235,36,4,22,216,12,230,54,183,179,252,182,81,21,9,146,223,120,102,27,92,173,241,31,146,88,97,94,207,201,119,103,90,140,184,79,14,239,89,164,98,76,180,112,202,114,50,172,20,144,197,215,28,143,112,162,57,102,237,242,218,244,42,147,201,208,189,115,125,220,3,116,61,91,116,113,13,31,235,95,136,58,70,221,121,252,96,26,115,137,68,17,25,124,176,137,198,237,161,83,212,36,108,164,193,25,153,141,215,115,225,176,132,50,109,54,198,188,61,127,72,187,7,255,8,137,152,172,142,83,128,35,169,124,157,255,43,84,51,81,231,187,131,214,139,91,138,172,145,83,6,132,128,22,18,219,101,145,235,235,109,130,66,169,227,136,220,142,90,213,248,20,94,217,242,228,22,53,102,51,25,170,64,232,157,219,15,159,53,50,26,142,101,134,228,153,65,63,153,103,144,43,89,18,4,166,63,16,66,86,220,78,87,33,185,154,180,89,13,48,34,92,1,165,6,217,52,146,224,225,95,137,127,62,243,38,121,252,121,121,8,167,223,121,16,51,128,208,82,157,56,160,116,130,234,193,123,157,49,22,216,106,32,214,78,15,28,64,113,76,210,155,118,107,168,78,206,247,20,64,9,113,109,218,220,237,185,98,119,77,69,212,128,248,9,249,47,190,224,18,83,86,5,179,237,47,57,137,115,83,179,203,130,176,52,90,138,15,46,134,26,233,231,11,159,4,220,125,34,62,43,5,162,149,43,241,198,143,226,188,155,208,152,153,199,254,134,194,26,180,145,222,119,210,21,230,174,208,212,166,107,77,139,149,71,100,2,82,121,77,118,246,100,90,226,199,87,209,155,177,238,239,226,18,154,151,90,27,49,128,140,54,113,107,178,46,120,126,22,124,3,85,159,124,0,162,175,224,99,97,230,44,149,253,43,160,222,241,83,25,227,225,52,109,98,16,198,181,178,16,130,226,232,234,13,223,248,49,212,232,162,234,241,136,146,108,236,221,89,95,86,59,23,67,216,220,201,3,51,80,118,108,98,217,155,80,48,241,243,115,159,129,252,8,175,25,18,131,10,5,54,158,214,92,194,188,238,2,78,241,150,212,202,63,166,222,71,238,109,144,45,57,234,91,36,157,102,52,141,23,165,221,110,107,232,34,66,84,234,245,205,43,184,17,32,157,62,245,192,182,143,180,49,37,201,194,242,161,48,165,212,100,120,244,136,252,56,154,63,98,141,236,156,90,72,3,146,91,5,234,15,67,143,155,184,122,76,166,54,176,52,90,138,254,46,186,103,219,81,235,30,132,67,226,9,213,28,133,68,245,71,181,67,55,94,225,145,135,87,45,134,224,55,207,121,120,121,252,133,33,83,93,103,130,128,242,141,77,54,23,231,172,31,5,250,77,170,220,185,214,151,43,130,43,127,175,118,120,65,173,94,189,32,53,90,245,18,17,177,48,187,162,72,169,246,57,175,28,102,26,124,31,41,176,52,167,169,142,168,145,251,183,108,219,206,235,155,107,236,225,183,104,147,28,48,211,70,88,186,233,228,32,105,254,194,133,157,247,137,6,222,100,156,74,102,163,144,14,151,43,153,204,229,249,209,18,233,238,113,34,36,32,231,115,40,119,0,155,27,200,153,207,16,80,31,197,134,127,202,139,215,192,238,26,78,212,61,212,202,63,166,134,139,15,109,121,50,159,203,200,190,62,69,59,175,239,118,61,93,132,190,167,148,225,62,210,24,239,193,184,155,107,188,251,113,175,148,191,64,0,63,129,218,156,48,60,184,6,17,84,38,252,171,158,189,98,203,53,47,9,135,246,32,78,24,248,78,99,37,164,127,16,184,114,231,176,149,198,100,15,113,122,139,193,5,8,85,70,182,92,199,199,42,86,231,110,6,176,56,18,125,10,110,29,191,225,27,146,252,197,234,131,243,228,51,115,65,81,127,65,90,218,240,98,167,196,21,156,215,156,144,33,195,236,104,17,21,199,87,101,155,68,118,75,123,138,101,219,138,1,73,188,90,104,40,238,185,135,63,215,100,154,145,20,239,196,1,171,82,245,13,0,248,142,168,57,251,45,144,107,153,207,227,7,53,229,56,180,230,15,125,14,78,239,74,34,71,99,6,175,122,126,35,216,69,241,254,33,19,8,249,76,40,112,3,47,55,97,208,43,89,18,4,198,113,158,102,98,44,119,12,47,18,155,128,157,175,234,226,92,124,85,102,94,121,178,237,141,13,237,212,155,28,172,202,20,83,185,254,15,197,155,51,229,161,223,190,235,69,111,110,151,6,198,164,41,96,64,18,106,32,214,120,27,220,92,11,51,45,182,0,161,191,74,46,167,118,92,20,181,48,212,69,90,112,84,176,34,68,169,241,206,203,172,66,127,239,42,18,236,151,134,177,226,143,168,171,228,89,232,40,205,5,231,242,227,210,112,151,231,252,66,169,209,200,106,71,82,65,190,52,110,41,76,116,232,46,217,124,139,86,209,175,49,212,247,21,175,38,122,251,89,5,219,121,139,103,215,6,130,189,2,243,129,68,171,47,231,205,67,103,63,163,199,167,45,22,42,118,110,194,155,171,164,66,210,149,97,18,145,139,133,129,61,140,151,77,235,78,153,102,251,151,114,141,224,242,24,89,160,15,124,178,159,36,132,243,190,22,165,53,85,166,43,78,53,160,211,77,160,75,245,13,223,248,49,78,241,110,25,194,180,132,33,26,164,102,213,215,45,228,49,53,242,185,216,159,148,231,136,28,235,160,61,139,66,12,62,187,145,128,221,61,30,206,233,10,39,17,42,195,67,21,192,102,208,211,241,150,212,44,63,80,121,53,130,115,235,15,19,147,48,152,161,193,215,246,249,7,107,123,238,70,52,31,106,93,8,173,237,71,45,141,157,149,245,54,182,143,180,49,37,201,194,242,161,86,51,141,9,173,111,14,6,171,41,223,107,4,224,66,90,72,3,119,205,95,49,210,203,237,151,232,243,17,233,40,176,3,1,18,145,130,105,168,251,159,91,85,25,208,126,71,61,42,193,231,207,38,185,144,206,103,209,221,139,86,209,205,11,131,125,248,42,93,225,240,89,149,190,47,139,18,105,33,93,139,160,202,104,73,74,204,250,90,216,30,40,87,88,226,64,155,197,147,46,223,151,236,129,138,228,133,128,51,30,209,199,214,19,124,193,96,67,207,39,123,138,120,46,134,80,45,220,219,39,129,57,154,6,37,3,25,207,227,49,53,226,178,57,20,55,177,175,212,120,246,234,53,171,183,42,217,175,215,194,186,3,132,114,138,204,176,122,187,121,141,45,211,78,69,214,162,170,92,114,110,248,66,141,139,93,59,47,187,152,242,154,7,247,228,220,5,81,65,184,99,195,70,47,62,36,129,188,29,63,77,222,166,2,99,76,251,121,115,6,16,161,190,47,173,106,115,234,236,193,39,157,206,198,40,36,61,102,50,33,252,182,81,192,120,146,121,73,116,235,17,0,182,4,200,22,57,198,163,0,142,98,156,232,183,110,161,132,60,128,7,57,157,177,132,206,144,134,246,90,67,154,211,228,89,232,40,205,5,231,242,227,210,112,151,231,252,66,169,27,200,106,71,61,106,190,52,110,41,234,208,232,125,132,221,129,86,209,244,134,181,36,85,155,254,38,124,77,116,191,127,65,212,15,229,141,130,207,188,103,42,201,100,33,58,106,196,178,58,162,188,59,66,200,112,29,46,87,37,113,247,194,179,97,215,230,70,15,3,165,203,88,34,50,78,13,104,69,151,127,26,244,251,41,185,169,218,157,6,146,48,22,47,207,229,193,130,65,56,52,70,128,168,217,44,120,15,234,13,223,248,237,212,133,131,132,19,216,146,116,81,164,46,213,113,248,150,215,186,175,169,43,124,148,12,161,236,204,204,197,121,65,181,26,177,32,205,50,189,84,206,20,54,164,59,255,139,140,213,49,181,108,78,56,172,182,102,232,116,1,44,41,136,19,108,223,253,0,250,29,173,111,153,166,7,107,123,238,12,52,192,106,36,70,183,179,252,182,81,58,217,55,6,60,230,14,213,233,49,206,218,156,208,9,34,129,110,224,91,252,85,162,171,25,182,73,234,227,171,23,112,154,67,222,148,66,111,71,239,228,88,240,33,35,52,198,152,123,21,110,26,209,118,159,204,218,247,211,130,163,103,37,131,164,83,73,66,84,46,118,17,249,222,113,244,102,158,255,62,175,245,77,119,89,47,219,93,40,212,15,19,129,187,232,237,136,203,12,144,33,212,139,225,44,134,92,140,101,181,200,110,195,8,6,25,178,229,244,75,3,102,148,181,64,54,214,140,151,100,33,224,105,102,95,111,129,137,80,45,213,185,33,15,133,120,149,220,193,223,243,125,191,109,125,74,43,78,53,160,57,77,120,246,112,68,85,181,49,63,100,157,16,194,180,132,127,26,9,97,151,184,40,40,178,50,103,144,43,87,55,116,219,222,64,206,185,119,65,52,11,44,45,70,211,177,130,81,243,251,244,58,162,239,77,215,188,177,45,188,175,150,221,86,187,24,124,71,220,136,48,217,43,17,162,46,206,226,91,184,42,110,72,93,207,40,22,214,176,163,70,246,196,73,184,138,107,58,253,175,175,237,132,131,13,182,197,232,84,127,114,145,185,17,84,38,252,75,124,42,149,254,234,14,127,239,23,248,209,38,23,23,148,132,173,35,10,66,191,183,249,117,252,138,15,27,122,30,193,159,83,252,139,35,106,71,246,103,53,143,194,172,249,147,206,154,147,173,132,120,55,27,178,108,36,203,87,70,77,251,153,248,82,8,65,111,7,186,98,213,238,96,119,110,201,107,102,240,108,148,77,67,92,140,101,205,224,146,2,154,99,104,230,227,244,159,40,212,28,175,85,228,204,81,14,95,16,197,177,36,78,120,171,178,131,175,0,196,133,44,10,115,6,10,200,223,25,23,87,68,1,163,130,2,58,253,122,140,242,74,164,38,223,123,31,235,100,162,143,8,164,200,33,240,166,58,213,40,117,60,171,153,175,6,203,129,123,194,166,63,16,66,185,86,159,9,152,235,160,202,74,64,130,217,220,192,166,40,88,214,87,80,157,143,160,35,79,28,172,202,63,113,185,99,95,109,105,51,161,0,75,190,89,226,20,175,23,253,215,195,255,132,29,143,34,102,143,176,98,71,182,148,234,151,253,5,81,247,227,64,25,110,206,89,156,48,51,223,31,17,224,200,240,31,141,241,108,203,172,66,127,244,181,172,126,221,181,41,226,152,173,232,243,152,190,7,1,5,163,202,114,123,162,119,206,97,69,43,70,78,162,97,234,42,249,166,75,32,239,56,195,154,194,110,98,123,45,38,254,20,104,128,150,217,141,1,117,25,219,135,191,62,7,5,37,11,218,21,6,119,12,234,33,195,21,253,220,53,92,186,80,66,200,241,126,4,76,236,230,80,50,230,10,194,185,245,31,120,204,131,200,46,133,133,160,223,108,79,123,144,34,9,239,215,39,113,57,105,76,1,39,25,231,22,193,79,65,56,78,2,86,125,48,103,221,19,254,14,37,65,121,239,201,32,11,97,180,18,107,65,166,46,80,160,155,207,173,142,97,208,43,89,18,4,170,63,64,57,189,176,62,59,47,18,62,128,74,183,99,72,169,131,208,136,42,216,87,139,47,86,67,15,215,47,198,96,245,54,134,92,34,132,149,249,159,11,248,234,137,69,23,89,247,168,107,123,130,132,49,148,244,142,249,62,200,116,119,12,76,202,105,85,122,236,132,10,110,74,206,218,125,192,122,130,185,169,63,44,252,171,158,189,228,203,234,114,185,105,147,168,196,238,131,177,226,203,25,224,119,182,148,231,176,201,163,151,13,210,77,47,187,135,218,100,42,220,92,79,152,186,190,52,110,7,202,208,54,125,27,21,249,55,113,244,230,20,226,234,204,12,60,237,164,21,174,102,24,143,102,181,179,66,238,197,113,63,12,144,250,159,216,201,40,217,41,213,101,155,68,118,241,123,99,130,169,165,160,190,221,18,116,177,31,162,64,103,150,129,35,145,20,44,108,69,29,19,128,106,249,144,62,231,174,10,45,152,18,111,53,98,7,85,158,108,185,230,246,185,80,191,120,246,102,14,82,6,179,10,190,236,145,15,136,190,252,151,250,44,128,131,110,60,28,199,97,144,55,105,10,4,166,170,248,185,185,220,115,12,195,18,160,196,100,184,85,18,69,20,208,136,42,254,120,252,255,58,33,136,241,253,198,50,130,251,198,198,204,115,97,137,251,5,24,225,195,160,17,75,234,44,210,211,94,49,117,147,122,137,70,246,71,116,212,109,155,135,165,170,145,245,170,106,118,124,64,147,167,192,157,223,175,106,63,38,87,50,169,189,108,90,188,99,127,157,203,83,37,151,181,166,205,229,228,210,103,199,163,184,176,9,208,141,14,17,186,154,150,93,218,49,228,203,95,57,149,40,133,4,240,27,101,198,24,47,215,221,139,244,100,57,201,232,204,119,17,138,77,251,163,21,47,160,162,90,221,199,209,229,152,239,84,231,27,253,193,17,21,253,12,176,41,87,109,22,76,161,226,91,151,152,230,228,210,149,139,18,185,151,33,93,197,217,235,77,235,78,20,153,49,99,53,7,23,112,222,55,62,63,237,158,151,228,114,103,184,113,150,195,197,137,19,7,128,82,217,70,236,186,28,13,73,247,200,201,100,162,252,15,57,185,160,248,189,13,122,115,114,195,72,220,195,192,233,177,18,4,14,110,248,66,231,142,93,55,47,107,145,252,74,82,247,121,61,10,208,63,176,62,92,82,88,120,2,78,241,45,79,135,68,235,79,254,15,147,97,48,174,147,184,65,221,56,199,83,88,26,190,44,145,111,52,31,106,93,8,173,33,252,211,53,29,250,253,5,143,245,155,107,233,46,128,17,75,57,154,45,230,63,191,24,210,139,158,189,67,129,188,66,194,95,244,223,77,37,131,33,226,143,168,239,102,238,148,252,170,119,152,151,48,41,110,26,150,145,239,213,204,45,26,162,205,190,103,231,175,71,214,144,206,50,195,192,98,191,224,70,25,7,187,203,77,70,77,251,75,51,82,127,65,246,147,151,109,66,238,160,129,21,21,137,241,242,40,138,178,169,151,247,15,161,251,242,231,123,76,34,158,159,210,17,39,161,218,177,62,144,218,140,151,77,235,11,20,153,238,21,226,141,224,186,0,196,142,168,135,20,40,232,207,79,49,95,114,12,229,239,105,195,197,178,68,162,238,55,209,32,176,251,165,168,88,59,11,97,180,18,211,65,166,46,203,51,86,207,1,153,182,49,183,126,78,24,71,34,131,71,225,147,84,61,222,210,12,202,74,82,214,73,202,10,211,59,8,105,192,254,249,205,2,78,241,150,255,202,117,255,179,53,186,134,7,123,55,203,200,208,243,90,6,131,150,216,205,245,157,189,128,40,159,238,27,20,60,49,92,140,91,242,176,23,146,202,227,167,25,174,120,20,181,48,148,37,38,118,63,38,199,168,171,197,190,111,167,161,129,135,147,50,39,81,95,93,94,10,168,236,77,101,254,184,13,117,94,199,15,136,110,147,150,159,8,85,25,182,20,58,95,15,235,143,190,86,239,56,57,18,40,186,90,41,198,96,134,137,129,77,125,219,110,159,29,116,190,206,230,13,198,55,37,97,218,48,6,145,46,205,242,195,11,215,59,181,41,87,42,234,175,20,197,50,93,109,84,138,88,13,250,237,13,33,241,144,153,133,194,107,50,78,191,133,189,137,171,166,80,42,222,196,142,168,179,251,183,204,241,103,184,25,224,113,65,56,233,128,0,229,23,82,0,75,234,170,70,82,187,170,87,108,167,78,161,96,11,236,184,19,203,160,155,61,173,5,161,106,226,89,5,21,41,72,248,66,109,169,52,166,241,236,218,10,100,175,245,244,213,77,24,170,61,239,77,215,134,177,45,136,241,208,45,121,63,19,124,226,15,109,121,50,125,203,204,155,157,201,243,75,234,236,193,123,157,206,253,157,76,191,57,104,179,131,92,120,199,26,148,148,198,168,7,201,236,71,250,186,248,93,122,145,185,67,249,167,122,171,4,157,40,201,188,66,5,135,18,220,196,126,59,119,100,91,44,188,21,248,79,72,114,106,90,86,226,188,110,26,53,120,69,158,70,51,106,225,61,42,86,231,152,6,137,158,206,1,52,79,91,88,198,96,134,224,205,32,57,60,225,240,89,149,190,47,139,18,105,33,93,139,160,202,104,73,74,204,250,23,216,30,40,114,91,226,64,155,197,147,46,223,151,236,129,138,228,133,128,51,30,209,199,214,19,124,193,96,67,207,39,123,138,38,239,134,80,45,220,219,39,129,57,154,6,37,3,25,207,227,49,53,226,139,130,73,17,82,217,107,74,246,234,53,171,183,19,80,133,4,16,79,161,107,143,22,217,139,243,2,45,254,89,125,204,201,232,105,87,194,166,108,10,225,73,220,28,90,62,35,145,128,157,175,234,226,92,124,85,102,94,121,178,237,141,13,237,212,31,28,172,202,154,6,124,71,96,180,149,79,159,77,75,150,235,69,111,115,98,236,205,173,110,124,140,87,59,86,214,246,179,184,137,126,213,83,55,113,175,37,7,155,88,119,244,97,30,71,209,4,178,38,218,170,86,68,203,241,108,144,209,7,57,157,177,57,206,146,131,177,237,91,232,63,31,38,87,123,113,33,240,87,3,107,34,37,244,120,166,85,235,78,162,154,61,174,190,118,110,152,239,57,57,125,118,124,109,86,198,134,254,20,152,12,172,202,122,251,89,100,131,3,79,255,15,240,98,50,160,253,129,17,160,160,92,118,106,64,17,78,141,208,109,198,251,41,226,95,221,165,164,228,8,17,39,64,173,177,144,214,238,195,69,2,211,152,113,104,152,97,115,12,137,58,1,219,230,168,184,100,76,14,3,204,196,210,7,180,65,205,233,230,53,112,44,107,0,46,221,48,127,26,137,212,161,162,16,186,225,24,199,95,9,169,213,215,45,228,49,53,242,185,216,159,148,231,136,28,235,160,231,142,93,59,47,128,174,185,79,82,92,19,251,132,217,17,161,121,139,198,184,180,59,200,62,172,170,248,255,4,28,50,76,251,121,81,221,161,200,119,211,210,221,115,107,231,87,123,157,49,22,46,106,41,202,147,192,31,26,155,107,217,101,5,195,35,103,55,72,49,206,218,150,57,15,33,148,131,216,125,76,168,187,220,146,195,220,27,202,59,135,83,185,108,20,41,226,44,113,41,135,199,163,219,205,226,163,128,235,240,199,106,245,30,44,121,226,104,227,75,127,246,86,234,75,78,176,87,84,51,91,124,68,130,118,244,134,232,36,247,175,145,235,73,11,100,217,93,65,212,135,5,157,0,18,209,140,79,222,87,237,17,21,28,178,178,196,212,208,54,60,45,195,2,49,154,204,82,96,89,25,239,116,105,48,54,214,140,226,106,33,93,105,102,251,151,114,141,224,242,24,89,160,15,124,178,159,36,132,243,61,22,165,53,85,28,43,78,53,185,80,191,74,162,28,122,223,248,49,212,155,162,96,46,161,185,243,75,166,46,213,40,117,184,187,150,219,255,3,177,18,148,161,132,132,79,61,73,47,168,11,91,77,180,175,209,92,19,251,96,39,170,128,239,77,215,134,121,45,112,175,150,226,102,240,56,50,222,72,177,9,217,57,84,116,64,60,36,0,95,4,236,210,211,94,49,241,219,124,86,214,97,33,233,182,81,107,217,89,5,195,40,181,181,229,62,129,218,156,48,51,216,130,242,44,163,110,139,158,223,25,214,227,77,62,215,172,174,209,90,139,25,140,186,29,227,1,199,163,221,13,117,252,138,151,69,52,139,193,159,37,204,99,165,169,235,213,221,5,143,131,103,144,246,98,47,215,221,139,244,154,57,201,232,204,54,68,138,122,157,84,71,219,93,65,212,251,5,157,4,156,71,71,203,12,144,33,195,21,236,64,90,178,246,83,70,68,171,195,144,202,70,45,208,237,7,40,163,111,163,70,178,165,115,254,56,235,5,140,36,78,120,166,8,147,13,0,196,211,15,12,223,241,216,223,45,165,23,205,200,192,34,120,255,1,6,74,107,172,177,164,38,223,138,217,235,200,162,171,97,70,132,33,26,164,84,213,113,74,109,45,105,175,169,43,89,18,4,158,124,119,140,13,26,115,67,11,29,69,153,205,95,189,190,220,116,47,91,160,52,140,213,49,120,2,242,144,28,172,202,20,65,185,216,95,109,123,217,243,250,99,73,34,230,92,175,248,29,139,111,223,29,74,219,59,86,93,15,98,71,182,33,100,250,101,45,67,164,118,251,62,11,52,156,203,175,51,160,109,40,89,230,77,168,248,189,63,123,208,85,6,224,45,220,218,14,234,78,227,186,188,128,20,33,199,230,176,52,90,138,253,132,157,251,207,159,159,179,51,199,125,71,36,42,92,186,194,200,93,205,146,132,188,219,118,37,55,137,238,55,119,21,125,219,122,218,107,67,88,93,65,212,135,199,73,139,238,246,156,110,31,220,186,118,224,253,124,67,199,103,60,127,196,45,221,228,162,151,156,135,112,90,58,213,218,177,14,214,218,140,151,77,235,78,20,102,138,80,152,153,241,55,53,137,44,195,85,174,23,192,132,53,239,187,87,139,208,53,205,78,53,160,74,107,48,55,90,222,169,248,247,27,80,0,247,194,180,132,33,26,164,46,213,40,117,60,173,53,220,250,202,159,56,4,108,98,52,79,218,9,28,206,79,18,41,64,85,177,95,98,74,138,217,17,217,248,70,70,136,173,219,217,100,150,212,202,63,166,222,71,15,134,108,37,199,203,200,190,235,244,189,6,31,236,193,123,157,248,128,69,36,172,214,62,163,49,133,99,107,105,101,6,224,168,233,173,27,2,96,6,189,87,198,78,165,60,98,43,68,130,132,69,255,57,220,215,185,105,0,83,209,38,134,152,23,203,71,239,179,199,163,37,136,245,173,138,15,46,94,106,110,68,47,188,163,182,209,9,163,29,155,52,110,254,249,246,253,166,123,221,139,150,45,8,160,156,81,99,180,49,0,119,173,164,89,77,233,191,46,134,68,250,89,37,9,110,151,180,63,110,38,253,58,55,48,73,209,203,22,134,75,74,190,176,169,232,156,159,97,87,99,61,238,11,214,140,162,233,118,158,85,102,90,120,143,166,80,45,93,19,108,63,237,96,202,134,3,131,184,243,5,236,32,56,180,230,229,108,14,236,61,15,105,14,23,244,178,212,97,89,16,212,180,90,33,163,164,102,213,113,32,61,173,248,125,144,247,89,123,203,104,132,64,206,185,69,208,240,28,95,62,27,74,13,23,90,90,96,39,133,90,172,192,217,188,92,91,249,217,56,212,170,242,77,232,207,201,109,247,50,116,38,48,201,118,244,228,213,132,25,26,162,94,49,226,148,230,26,102,32,179,191,182,66,85,115,101,45,14,118,7,174,240,11,129,156,84,71,198,72,36,60,49,123,192,171,154,189,11,131,175,224,176,244,87,146,61,200,49,210,203,237,142,171,152,137,82,105,176,79,215,87,208,133,47,26,161,71,91,107,61,34,10,176,36,24,128,124,163,43,58,86,57,228,203,223,118,242,63,3,215,213,6,77,120,25,130,24,180,52,173,103,139,115,102,83,98,209,137,243,97,31,82,144,212,195,71,3,142,95,4,103,85,169,68,24,90,224,16,152,166,87,210,43,40,197,116,152,33,228,137,56,73,77,69,213,151,95,138,18,36,52,241,25,189,89,171,120,161,85,249,222,111,69,154,227,126,28,240,98,16,20,53,19,217,46,119,46,6,224,94,89,247,82,80,53,103,19,159,146,195,75,115,176,122,86,6,109,67,254,244,144,166,227,198,115,166,8,215,187,240,150,47,12,225,146,6,128,93,31,23,34,142,216,39,150,181,238,253,215,116,95,91,127,101,57,212,44,63,204,229,234,190,134,9,57,205,66,48,235,182,33,98,166,139,116,1,173,120,195,222,172,142,65,149,110,71,83,176,120,159,237,55,66,27,103,186,213,233,71,96,172,140,91,51,72,36,9,45,44,226,76,154,63,98,141,236,156,90,72,3,119,77,115,24,199,231,83,16,184,228,137,82,105,130,238,117,156,254,222,134,147,207,118,3,29,99,182,209,221,156,136,155,50,163,241,176,251,165,111,79,64,51,88,188,96,134,15,197,234,82,163,77,251,106,96,30,8,145,212,135,5,98,143,160,236,57,21,156,56,33,125,21,1,9,170,110,186,115,42,147,28,90,226,17,37,43,239,234,219,100,18,116,177,31,167,204,114,151,90,50,78,60,102,127,70,171,156,61,229,41,172,174,125,133,223,80,204,149,25,52,23,7,167,208,178,205,230,252,112,16,107,61,102,139,122,223,248,49,212,82,108,232,241,133,146,111,189,164,102,213,85,74,65,41,153,103,144,43,159,35,9,246,236,215,66,199,193,201,97,69,77,233,161,233,31,234,121,216,199,198,6,232,191,87,98,188,227,93,63,101,98,144,52,130,246,222,64,69,84,121,50,159,203,61,129,61,233,20,115,130,236,222,123,227,124,226,11,36,21,202,43,157,215,64,17,93,153,192,252,143,245,224,173,132,119,197,143,90,48,51,223,185,202,216,63,240,126,248,47,190,199,160,82,209,139,160,83,205,151,210,182,117,72,237,7,168,23,79,33,35,52,148,138,13,210,94,0,227,5,8,85,70,182,112,57,214,9,5,115,190,59,176,207,57,154,217,124,139,86,209,182,42,143,47,87,51,38,252,119,77,239,155,122,208,59,231,37,205,213,2,42,244,233,82,81,129,67,21,185,142,58,196,12,230,161,200,41,226,140,202,176,164,228,65,39,73,85,50,245,31,234,56,70,184,17,204,20,20,102,138,120,114,141,18,225,210,196,207,168,145,251,128,13,210,51,235,233,42,236,1,93,63,81,19,166,235,91,166,136,254,14,127,89,126,201,121,162,16,194,180,167,137,188,83,101,104,2,117,151,173,216,85,32,43,126,78,4,20,128,128,42,229,231,77,12,47,18,62,230,191,107,165,135,199,103,198,54,117,112,192,217,188,92,218,225,162,86,212,102,232,166,2,226,15,109,121,50,9,214,115,238,182,43,8,13,139,117,1,237,61,159,22,166,106,23,245,147,134,114,182,109,155,217,15,175,175,237,132,131,224,2,84,6,189,175,28,28,58,207,231,204,63,189,162,3,164,203,236,66,207,216,218,112,78,13,122,72,67,249,17,137,31,72,70,130,129,33,171,191,64,107,112,106,44,18,221,193,70,182,126,71,31,85,26,97,194,117,93,154,57,195,118,110,129,86,209,244,134,246,119,89,143,219,160,251,8,71,203,241,66,99,165,25,184,208,153,96,144,2,60,117,186,42,106,188,40,120,205,186,98,37,147,50,44,228,202,104,230,232,8,179,97,85,199,245,31,228,204,205,95,216,235,78,20,102,69,151,36,52,241,45,57,196,219,168,123,159,107,157,101,50,150,139,70,132,109,6,120,128,63,235,122,10,119,29,8,222,65,64,126,201,121,162,16,194,180,215,137,188,83,101,104,2,117,151,173,203,85,32,242,159,13,118,25,103,98,13,59,176,109,97,115,204,35,74,50,7,247,46,217,132,128,17,42,139,192,209,97,161,93,24,20,57,222,102,128,166,159,71,41,136,7,50,174,147,200,234,51,69,111,115,234,60,215,167,156,172,18,61,142,86,251,246,27,233,182,81,107,217,12,52,224,68,224,173,25,239,138,161,21,5,7,6,102,202,96,74,252,218,49,127,89,133,27,47,176,157,45,7,171,162,66,237,238,186,173,211,228,45,254,184,100,106,90,151,81,46,31,139,7,159,8,85,70,2,60,80,226,237,86,76,110,73,176,89,216,155,70,190,208,46,75,173,223,162,152,56,172,107,45,30,16,229,155,103,130,34,15,83,254,213,238,96,6,8,167,177,1,229,123,100,9,120,118,130,60,155,22,118,3,94,59,110,138,12,86,128,21,161,173,177,254,3,204,114,151,107,204,20,20,102,138,120,229,135,235,225,61,78,155,120,251,6,4,157,196,223,243,227,241,53,107,23,62,67,145,177,70,67,242,186,28,13,72,248,187,170,161,15,240,120,180,132,33,26,254,139,17,4,82,157,67,168,40,229,166,59,69,4,183,63,158,53,158,24,109,97,115,204,35,185,79,82,234,121,220,192,39,59,85,144,192,215,188,238,185,15,135,225,148,228,189,179,225,110,22,159,233,35,159,35,200,39,88,44,91,27,180,234,251,44,207,40,22,108,106,30,245,246,98,42,45,81,107,217,101,141,24,69,212,121,132,28,217,218,161,48,209,186,185,17,84,38,76,203,106,125,190,138,172,44,75,233,71,40,89,223,223,22,59,21,168,210,63,54,203,42,108,33,93,138,19,114,131,95,38,163,218,169,247,239,128,225,61,42,86,231,245,71,20,185,242,125,52,124,19,86,224,224,60,67,230,140,159,88,141,221,84,47,190,52,106,204,242,223,77,88,123,96,179,110,187,226,186,61,125,117,187,34,196,212,85,161,184,221,226,115,43,236,158,95,210,211,97,215,190,70,241,89,251,72,151,77,235,78,219,5,138,226,171,161,130,28,222,195,30,32,247,251,241,67,196,156,165,233,7,113,182,25,223,48,242,38,72,183,248,227,128,114,95,145,184,20,215,152,165,62,211,66,230,7,45,171,16,103,47,100,135,128,132,134,151,244,123,4,108,98,15,185,185,220,115,12,50,142,62,230,74,92,247,52,111,10,36,125,217,248,192,70,193,92,204,63,101,150,197,202,66,87,222,58,15,201,36,0,107,114,214,22,18,146,126,76,30,9,99,246,17,24,152,87,106,17,13,69,206,252,182,81,107,115,115,219,249,118,132,201,25,201,129,37,203,109,249,54,60,56,231,156,76,155,175,189,168,203,102,7,143,31,203,83,77,151,66,119,226,72,168,253,228,52,253,184,227,95,152,239,15,210,59,42,130,135,12,85,183,182,211,57,61,190,86,105,135,199,3,75,139,55,111,69,6,187,112,205,134,162,60,107,127,38,122,251,89,12,190,232,111,103,135,29,98,250,238,202,57,211,28,160,92,168,106,77,61,121,186,87,58,155,181,242,131,127,76,236,230,228,198,146,97,223,116,220,31,108,155,140,73,193,233,109,20,223,0,0,151,19,125,45,119,196,213,73,57,206,255,51,199,54,213,99,28,110,168,68,238,96,93,95,136,127,157,80,150,0,142,237,126,212,80,0,127,120,180,132,33,26,179,242,155,16,59,31,173,200,148,250,17,60,116,12,161,144,131,160,143,220,120,12,151,242,129,128,191,95,247,60,20,208,225,71,123,72,63,245,77,99,33,9,217,60,148,24,240,56,15,234,73,109,159,82,186,38,166,126,9,43,111,213,117,234,1,237,223,132,151,216,142,248,214,170,200,116,87,119,101,217,132,245,244,118,181,167,25,147,48,86,245,239,51,223,185,17,198,156,98,112,171,189,28,138,163,47,127,72,203,91,92,192,43,237,202,54,228,63,9,54,206,28,149,220,90,57,198,46,122,47,53,142,166,85,6,160,201,72,110,42,133,88,110,65,93,117,208,54,123,190,225,127,237,48,213,143,242,77,180,104,224,24,16,116,173,127,65,241,242,6,98,229,71,96,253,31,61,236,32,202,182,185,124,67,171,255,65,66,147,251,44,29,202,102,138,145,25,114,12,183,116,177,31,3,238,195,118,166,126,78,183,110,138,228,171,105,249,163,3,233,232,32,133,221,249,217,6,150,147,97,94,28,225,98,120,2,2,112,215,61,238,5,28,13,245,118,187,176,97,125,247,194,180,132,33,189,10,41,17,253,74,35,223,55,187,144,43,89,18,29,108,221,233,79,149,220,173,192,130,185,102,253,111,253,110,227,80,176,16,13,209,78,104,217,127,146,2,129,59,26,212,44,186,28,159,117,238,220,247,139,147,107,61,129,61,233,20,115,236,130,221,123,200,49,29,114,20,17,143,50,130,91,66,132,188,127,246,210,192,182,5,131,13,63,129,218,156,48,231,182,12,185,84,195,252,75,155,28,166,62,67,180,119,95,251,232,89,151,134,177,226,37,137,20,168,45,17,181,42,175,110,233,68,46,134,26,187,231,159,82,39,253,243,71,61,42,86,255,239,241,33,69,227,112,79,123,91,192,232,163,254,232,158,21,205,49,93,6,21,1,254,241,66,26,123,72,77,231,137,128,227,66,253,160,15,42,250,196,124,67,171,140,142,155,68,118,226,51,46,102,169,229,86,223,164,87,220,149,61,179,194,140,208,77,69,181,51,101,78,17,90,209,130,63,53,144,44,120,147,115,218,37,8,223,150,243,224,53,40,91,233,232,53,19,217,51,88,186,28,13,20,75,167,110,121,159,99,3,166,107,33,229,81,233,51,40,14,60,224,105,239,179,253,87,67,29,226,142,98,44,73,220,118,10,47,18,62,128,150,170,179,34,20,176,39,186,126,191,178,26,97,142,91,171,182,143,135,180,229,207,232,92,192,251,121,16,229,161,223,190,235,69,111,193,109,62,221,3,110,132,120,216,179,86,77,204,163,28,211,56,162,210,20,23,122,67,48,167,25,29,227,104,125,188,51,105,0,82,63,38,226,137,246,236,248,124,88,66,127,157,203,151,20,241,231,224,100,91,50,7,196,89,232,40,205,5,231,138,254,46,118,47,148,252,166,193,70,182,126,71,97,103,5,171,7,123,77,96,27,16,88,145,154,57,127,244,199,232,255,80,127,38,122,251,89,149,47,103,214,124,4,233,233,169,79,71,139,217,60,14,79,195,36,253,142,58,4,209,64,12,13,41,226,85,60,98,93,66,89,133,128,121,237,166,248,27,79,248,184,56,235,162,149,169,63,226,111,19,194,50,3,129,169,153,121,159,6,10,200,9,71,236,100,220,65,56,19,93,33,82,217,77,221,215,52,122,246,118,169,44,69,129,132,125,11,96,171,11,148,169,213,215,121,209,72,50,103,12,150,162,229,132,16,63,24,225,82,193,77,52,11,26,179,47,74,162,234,226,192,10,16,17,48,202,250,25,115,80,1,63,20,73,201,107,222,166,150,226,15,109,121,50,218,61,93,62,235,53,111,94,83,88,124,134,132,124,18,244,121,93,70,246,137,71,182,148,101,217,83,215,67,164,132,131,25,182,101,200,102,147,218,172,102,40,84,195,252,41,77,214,99,144,167,161,129,135,147,109,177,24,21,82,205,186,103,67,64,238,113,72,136,106,173,138,15,46,94,90,74,48,141,200,218,165,198,85,136,12,133,124,163,123,92,56,18,125,10,57,221,71,201,241,168,255,216,53,122,202,244,251,89,47,219,200,111,189,12,177,209,229,244,71,139,10,253,226,215,232,169,218,61,226,195,101,97,155,22,118,36,14,31,74,164,66,210,149,97,18,148,40,199,135,137,114,203,163,197,194,202,157,173,150,114,153,52,45,243,65,108,168,57,251,255,45,85,50,52,139,53,53,123,56,43,78,190,250,74,107,174,33,8,73,169,46,68,32,9,0,150,78,11,215,50,138,10,169,213,106,155,207,41,225,121,111,247,141,213,170,183,54,25,158,86,109,115,74,148,20,235,98,129,82,207,16,80,176,16,13,209,78,104,217,113,126,93,75,20,13,212,143,106,77,175,48,41,109,247,50,57,196,106,62,60,99,255,218,139,135,1,162,94,49,125,164,106,86,214,246,130,160,21,132,107,105,101,242,3,230,170,168,208,28,254,54,227,180,157,223,90,112,84,167,122,171,203,236,248,124,88,66,127,157,203,151,20,241,231,224,100,91,50,7,196,89,232,40,205,5,231,138,254,46,118,47,148,252,83,43,75,182,126,71,61,184,133,88,49,117,120,132,207,240,79,55,253,59,75,139,134,182,36,54,96,179,122,251,89,47,8,84,130,241,143,239,98,250,238,223,156,215,13,100,33,34,182,100,9,181,168,101,186,66,227,24,197,228,153,27,222,116,86,7,221,18,215,55,102,127,19,70,162,22,67,119,3,223,238,79,138,228,80,45,93,248,142,168,57,251,229,61,61,53,207,6,7,60,140,183,86,70,145,177,70,67,242,218,28,13,85,165,49,235,100,162,12,69,1,254,43,26,164,46,213,10,45,232,67,198,105,49,222,89,213,4,156,77,177,17,231,73,70,157,219,132,12,202,74,207,150,121,190,96,39,122,41,170,245,233,113,238,2,78,241,128,64,123,244,123,50,66,111,105,236,27,174,174,48,238,225,69,210,115,29,91,190,169,238,40,178,216,106,86,214,24,27,49,23,132,155,200,144,231,107,69,233,33,132,11,129,242,156,192,157,186,185,17,84,38,17,195,248,3,164,0,172,156,127,173,135,146,199,144,134,252,63,229,26,42,31,79,21,52,113,98,171,126,247,139,111,119,64,18,134,230,39,203,106,71,246,85,84,210,247,78,176,49,146,112,255,21,201,86,252,57,169,50,65,77,125,112,112,156,89,10,203,174,66,26,14,126,129,85,79,96,9,110,187,226,70,74,115,236,115,58,98,170,230,205,42,118,241,127,76,236,230,228,27,229,236,251,116,101,31,176,61,248,12,100,211,109,151,110,168,38,181,153,131,112,222,219,230,168,63,115,6,37,3,25,207,227,231,167,76,183,113,148,197,177,217,242,74,105,157,252,37,138,186,73,80,27,216,8,3,132,142,81,164,44,76,40,213,38,131,50,187,144,43,89,18,217,226,61,202,99,80,169,131,97,69,213,69,47,183,177,112,121,80,10,121,40,160,81,67,44,249,205,2,78,241,150,76,102,232,190,179,64,33,89,68,252,200,61,26,62,158,69,210,115,247,231,87,123,157,49,22,234,125,21,24,43,0,252,230,81,51,66,220,45,67,237,43,213,240,147,254,86,245,239,78,162,228,9,30,105,68,142,123,76,164,27,72,241,129,138,134,246,173,144,134,171,250,231,214,207,197,199,163,219,32,201,223,162,145,140,94,30,227,5,243,49,228,149,133,72,61,237,133,222,163,6,171,56,208,214,61,230,156,40,221,182,238,55,119,85,96,38,183,119,89,47,219,93,91,45,232,233,98,250,238,50,247,209,187,71,32,246,186,77,185,220,252,26,143,128,184,177,176,206,151,236,45,197,240,179,100,18,116,177,31,105,204,19,60,167,71,177,85,102,90,120,31,118,196,44,220,27,215,184,237,103,108,220,114,96,238,187,138,85,158,91,233,207,26,82,42,107,74,246,234,4,86,114,145,124,9,62,94,31,25,47,143,246,83,97,244,40,14,60,210,18,204,229,249,209,126,250,166,63,16,66,202,169,208,152,115,44,182,135,103,184,61,135,34,20,197,17,209,139,232,233,113,238,2,78,241,214,216,144,47,207,55,71,238,109,235,249,199,77,75,190,58,244,107,6,51,117,176,170,61,132,167,61,84,238,143,250,27,62,92,155,107,188,15,215,14,25,224,162,194,98,254,35,149,130,15,33,17,168,63,38,199,186,144,123,254,125,188,66,5,215,33,1,18,141,131,177,208,67,154,26,20,82,70,130,149,9,180,191,191,227,252,251,210,18,159,162,167,182,123,225,61,42,86,231,238,200,198,69,57,195,118,117,148,127,224,30,146,98,119,43,237,152,77,251,117,25,219,135,30,212,218,83,20,43,238,96,6,110,74,226,30,247,71,138,178,218,195,120,156,66,151,50,221,162,4,70,151,12,89,137,97,72,116,153,15,127,153,140,151,77,86,194,93,108,138,228,171,228,218,134,48,225,230,9,57,251,255,10,155,53,108,187,207,167,30,139,130,99,53,19,217,145,168,212,209,138,16,234,205,15,167,224,12,97,180,18,140,26,18,47,76,78,117,60,173,153,249,49,222,33,18,170,166,188,215,8,225,73,16,166,225,190,218,180,183,13,165,18,120,77,81,222,152,171,29,215,188,238,2,142,217,107,82,76,189,131,179,71,238,109,114,93,55,107,200,190,235,69,108,247,180,183,1,251,157,177,22,147,59,224,203,104,179,220,92,74,199,250,220,175,27,245,204,162,11,182,217,172,149,175,37,223,113,17,253,123,84,203,123,128,208,123,26,146,165,224,159,168,91,238,131,177,191,39,168,239,228,238,53,214,172,45,90,156,15,217,144,127,194,97,21,179,39,196,109,86,234,42,22,204,210,166,239,56,84,46,118,17,123,55,113,3,134,232,36,21,173,121,166,179,82,146,190,241,65,191,135,228,143,92,152,223,56,191,253,56,9,210,40,117,186,226,110,208,0,241,42,118,103,223,151,152,230,228,210,149,33,54,96,114,178,228,204,230,184,45,86,181,30,95,155,18,136,19,100,55,241,104,142,101,57,58,6,37,3,25,207,227,225,236,46,191,233,32,53,166,7,103,74,67,90,249,223,245,31,235,133,4,247,194,180,132,33,93,221,10,155,215,45,228,49,53,242,144,247,89,175,5,15,188,255,36,73,193,115,12,47,18,59,161,168,13,247,16,20,37,198,141,48,99,52,198,129,92,59,129,54,57,153,188,253,4,121,53,25,251,110,50,159,203,200,15,157,22,162,73,132,126,1,123,200,49,117,42,59,224,214,246,179,252,228,132,218,1,122,165,27,230,56,173,234,20,220,157,156,86,51,44,36,163,253,49,69,203,7,243,57,190,249,224,11,216,147,168,218,249,59,199,63,144,65,211,161,238,163,184,176,167,54,239,48,15,80,26,161,159,244,43,75,51,106,71,251,43,181,171,7,123,148,57,153,21,203,170,253,57,237,213,93,143,194,89,120,175,77,251,163,205,62,37,175,254,7,5,66,189,193,44,16,173,166,161,191,17,21,254,172,151,168,170,153,120,147,177,126,189,167,17,194,202,156,162,255,229,185,245,31,191,218,140,151,77,235,115,219,14,0,120,44,153,0,76,97,137,133,73,247,57,46,152,254,47,207,143,222,242,244,91,233,242,2,112,57,7,160,75,245,13,223,248,49,26,82,3,7,125,232,185,111,26,74,46,77,5,23,254,250,18,62,107,242,95,223,142,66,10,98,169,241,95,75,59,47,187,124,195,79,253,247,121,20,10,244,46,127,152,202,70,47,130,102,48,23,47,64,144,229,117,37,64,217,105,198,7,159,35,200,119,137,124,111,115,234,236,171,28,182,180,22,166,106,41,133,2,165,130,182,97,68,169,18,252,33,167,132,29,195,182,232,60,114,59,58,8,65,66,215,142,54,51,150,205,197,166,4,227,212,202,67,242,240,116,230,206,123,181,51,247,103,199,21,184,176,52,90,167,247,174,111,110,245,50,218,188,166,182,10,71,246,85,148,12,33,65,229,80,136,125,118,124,139,239,155,137,60,232,158,21,205,49,93,6,21,214,190,241,90,53,158,25,80,231,137,202,220,158,20,81,68,34,177,123,40,53,199,87,156,128,78,150,109,29,105,27,230,246,210,72,221,183,116,177,31,3,49,138,45,167,39,211,28,157,66,70,226,175,125,230,222,18,142,37,247,161,50,228,155,53,108,187,185,87,30,183,114,149,58,223,45,30,221,200,6,71,188,165,163,212,161,162,16,1,73,248,196,33,206,46,163,40,128,61,41,142,97,144,17,61,0,25,108,236,133,185,240,138,65,243,14,29,62,10,122,241,25,42,168,21,198,17,48,202,250,25,107,46,23,48,217,47,76,208,128,143,232,26,9,251,121,20,105,68,3,81,235,89,199,166,109,117,107,123,61,120,136,164,106,86,214,246,208,116,163,173,154,217,126,5,182,237,170,162,254,20,64,9,101,87,177,3,54,163,51,230,240,253,141,241,108,46,88,66,127,157,203,83,77,151,134,168,117,245,137,239,152,238,35,39,108,0,198,242,227,210,112,151,134,162,220,82,39,160,109,73,35,246,86,138,210,32,239,57,57,125,118,124,139,86,209,244,69,20,192,2,170,187,140,195,89,5,219,154,196,45,177,95,42,85,79,123,216,97,12,144,60,210,40,117,35,53,239,188,0,70,68,85,45,206,16,104,65,228,210,149,97,18,116,177,31,87,79,17,162,10,124,177,51,95,17,54,29,114,194,18,9,196,219,168,178,169,45,240,87,47,11,227,7,53,229,56,233,230,53,14,70,73,48,246,53,13,188,185,247,200,121,162,16,194,180,132,33,26,164,120,166,100,108,132,49,135,85,107,200,89,213,4,132,144,116,71,80,220,65,168,47,213,218,20,228,238,36,206,233,10,39,17,42,139,192,215,188,97,93,227,206,150,42,202,50,179,43,123,72,202,97,65,51,214,116,129,93,28,107,83,27,118,148,8,94,56,22,216,106,86,214,246,179,252,228,132,218,1,63,112,242,235,132,49,25,218,244,83,90,48,51,223,185,17,84,38,252,232,162,106,78,123,136,30,209,28,0,61,93,54,43,238,226,237,168,41,64,166,163,184,176,52,90,138,15,46,98,250,69,118,66,195,247,160,60,85,246,103,53,143,194,6,171,56,23,214,194,15,118,130,118,244,134,232,36,21,175,38,122,128,216,239,155,171,212,212,46,5,130,66,162,96,6,110,156,190,242,195,127,3,245,19,145,212,14,12,68,118,226,123,213,101,84,12,86,7,21,226,173,177,226,89,218,140,151,77,235,63,183,223,108,157,138,115,107,112,222,55,213,46,123,198,133,14,3,243,63,227,193,212,54,202,41,230,53,112,217,211,221,77,209,247,232,89,23,73,151,129,145,163,167,185,111,47,221,151,155,48,125,109,161,216,186,186,242,227,170,115,213,63,16,66,185,220,115,12,47,190,211,200,89,241,243,21,202,10,164,40,182,171,192,17,188,13,23,75,229,200,144,102,5,179,175,47,130,223,97,132,41,203,196,190,61,226,20,175,23,236,96,173,157,189,168,130,25,215,51,246,209,42,45,81,107,217,101,5,175,237,132,206,170,182,220,200,149,48,139,33,124,168,98,38,48,17,212,127,108,133,139,241,6,216,119,51,134,151,20,23,83,10,168,5,228,95,206,98,227,201,163,151,13,210,77,26,161,159,37,149,226,220,126,173,220,42,55,5,49,85,176,56,57,125,79,106,155,55,118,244,134,232,36,121,79,29,140,24,8,212,22,171,111,112,143,195,66,229,246,71,97,233,82,204,92,142,7,29,142,43,196,79,85,169,97,118,226,123,76,236,230,228,210,114,75,251,237,149,248,95,214,140,254,218,178,145,20,45,138,31,136,236,65,82,41,185,171,120,194,106,4,134,136,103,190,227,241,53,203,226,108,235,7,112,200,191,143,246,234,13,223,248,49,212,161,116,167,194,215,185,119,26,230,176,158,115,59,60,36,21,220,60,43,33,80,118,108,98,54,93,73,220,93,185,151,129,62,25,74,107,19,94,152,70,81,222,14,214,162,215,127,238,212,15,23,163,250,240,63,19,23,71,217,105,236,236,159,203,200,190,157,43,47,163,31,236,193,123,157,120,168,180,159,199,39,43,173,40,52,99,199,127,214,159,27,230,204,230,246,230,52,35,21,87,139,3,220,202,100,228,106,171,158,189,108,182,195,146,81,171,71,83,198,189,43,237,47,39,151,35,154,14,206,36,213,98,171,191,198,107,111,125,121,145,115,35,180,100,106,71,100,208,51,52,110,241,246,86,54,125,139,155,208,46,63,2,224,98,187,62,127,38,122,251,89,36,25,171,76,115,102,223,175,92,246,48,6,63,167,71,242,195,121,253,45,43,215,209,101,203,68,164,112,29,12,74,138,87,1,133,208,152,130,209,61,179,194,232,153,56,235,224,48,123,138,31,136,236,65,82,41,185,171,120,194,149,241,236,111,96,227,243,87,236,220,254,129,230,252,112,57,107,109,85,245,13,223,248,49,218,127,3,122,67,19,53,115,189,250,249,115,106,91,76,173,153,103,144,203,186,101,78,71,65,177,77,158,1,52,157,47,0,62,10,212,57,219,34,233,10,39,17,42,59,16,126,129,203,208,225,63,98,212,44,63,5,214,140,186,197,220,8,43,250,9,136,221,230,8,141,37,49,183,245,157,181,136,164,106,86,214,246,212,205,176,66,246,202,152,219,65,25,224,107,107,28,3,185,75,61,149,165,196,75,98,105,68,69,230,189,98,203,128,99,6,216,92,223,89,189,2,78,211,229,232,239,20,179,143,55,227,179,90,156,15,172,140,160,110,79,182,29,144,38,169,191,41,189,152,6,168,222,72,37,54,125,2,144,107,130,209,137,70,185,213,21,149,200,160,63,82,146,190,241,118,0,135,233,235,126,123,141,3,163,14,8,212,125,36,47,58,55,48,73,209,155,93,153,112,68,76,220,199,246,136,110,31,72,17,101,142,127,238,195,118,166,126,78,53,104,17,106,171,79,130,44,53,50,44,5,135,131,241,236,82,53,24,98,7,26,29,56,233,230,53,94,215,12,61,246,53,13,151,7,120,245,136,108,132,218,19,71,244,81,164,249,76,40,22,61,173,116,37,54,125,177,244,4,166,63,16,5,199,69,241,201,50,146,102,128,200,82,143,144,168,116,211,40,90,238,171,91,94,120,2,188,175,150,45,196,63,36,11,216,95,84,121,50,159,203,24,9,61,131,246,218,109,130,204,8,82,172,222,61,77,68,92,110,151,215,163,116,107,105,101,184,67,164,118,167,25,240,43,172,21,91,7,186,116,104,101,195,129,56,154,63,98,141,236,156,127,111,107,151,86,151,49,210,203,237,142,171,152,137,82,105,36,226,163,10,25,177,94,42,74,12,33,62,51,203,126,176,61,242,181,203,7,125,137,222,206,214,147,230,2,130,209,171,68,232,36,21,175,164,211,201,77,47,245,93,41,11,242,223,69,189,246,121,133,13,135,100,33,21,67,54,35,53,239,140,101,243,127,161,231,127,76,236,230,228,184,133,217,87,99,99,28,93,153,58,151,144,135,83,224,133,13,158,127,141,225,154,249,89,207,32,147,139,203,16,39,25,219,22,239,12,29,56,233,230,53,107,175,98,4,183,254,14,253,108,48,42,82,159,99,78,4,132,100,26,115,139,133,3,112,61,41,153,103,144,43,162,148,29,228,8,131,138,158,136,201,35,50,221,41,47,74,153,247,73,202,31,50,136,42,253,87,89,136,181,11,75,54,47,177,21,232,143,232,234,86,82,176,45,43,161,200,119,29,154,106,59,37,117,96,197,107,232,188,114,60,50,133,147,200,71,182,92,246,206,4,156,29,236,132,10,0,182,120,97,190,91,7,186,124,168,89,123,117,171,106,187,93,131,172,156,127,32,211,146,91,5,234,15,67,143,228,196,99,17,107,214,205,179,90,202,25,2,59,131,74,12,251,2,144,253,126,34,79,15,103,231,128,248,18,147,54,125,109,221,139,46,110,109,68,232,36,21,175,78,140,63,16,12,219,178,65,191,135,223,175,18,79,194,8,10,31,46,186,140,248,55,142,34,195,225,64,155,203,183,226,123,76,236,230,228,210,149,245,87,155,61,31,146,153,120,111,163,29,5,141,5,183,151,226,109,157,251,237,190,45,5,158,83,255,16,31,73,63,255,7,53,229,56,233,230,53,112,21,78,121,4,99,252,70,108,49,64,161,255,114,19,136,211,137,90,179,176,52,206,125,141,63,10,186,201,201,237,116,142,16,63,10,189,73,193,115,12,47,18,62,128,74,82,216,18,199,103,10,65,14,74,253,89,192,221,211,171,62,186,212,44,63,80,1,78,211,197,246,236,159,203,200,190,235,69,111,115,232,234,113,3,157,177,22,11,86,23,70,183,179,252,182,81,107,217,101,5,34,235,70,181,193,24,98,200,75,11,51,235,185,97,216,202,151,191,182,71,211,9,172,66,127,157,203,83,77,151,67,78,227,173,168,171,228,254,143,228,243,105,39,57,68,227,227,104,245,68,36,29,183,125,60,72,136,246,128,231,110,6,176,56,57,125,118,31,118,59,63,194,70,208,119,21,206,38,238,152,84,71,219,93,65,212,135,5,98,213,193,237,82,87,31,137,15,42,111,3,199,43,46,209,207,155,22,118,36,4,190,236,230,228,210,149,97,18,116,162,112,234,204,63,144,167,69,177,85,44,108,69,29,19,130,95,222,89,217,63,211,57,6,37,3,25,207,227,230,12,229,191,57,73,198,107,175,10,160,15,234,13,223,248,68,32,9,0,150,78,11,157,140,26,132,47,108,40,117,60,173,198,148,225,179,245,101,25,31,63,25,66,208,193,115,12,47,18,6,70,199,175,139,249,90,77,215,150,232,121,253,2,192,126,95,75,229,152,226,102,128,179,179,8,9,99,159,82,186,38,166,126,9,43,88,163,31,236,193,123,157,49,22,216,106,180,149,110,179,81,116,81,54,59,101,112,60,237,14,162,239,119,108,186,149,61,203,165,50,17,201,156,106,171,158,189,108,203,172,66,127,157,203,83,77,249,15,82,63,54,138,137,124,199,163,33,32,149,252,138,233,46,162,251,31,44,231,188,228,161,195,194,246,103,53,143,194,172,176,207,57,19,195,43,132,243,113,244,16,162,144,89,243,121,23,74,164,88,219,77,65,86,221,1,221,180,185,89,6,119,197,234,33,195,21,253,40,53,199,87,230,61,139,183,226,123,76,236,230,228,210,149,51,232,237,61,74,178,194,69,151,107,211,5,105,102,132,120,1,52,18,50,57,144,62,68,247,186,223,222,8,223,165,27,7,24,229,239,3,45,227,248,239,71,74,68,6,130,188,242,187,187,82,53,224,194,8,132,114,138,204,176,122,187,121,31,122,48,195,18,226,94,126,92,28,63,220,189,240,220,115,12,47,18,62,128,74,150,212,66,248,31,39,17,42,139,53,98,56,181,11,78,241,150,212,187,106,165,43,64,93,109,7,236,121,105,230,150,51,201,107,12,51,227,231,129,223,206,226,89,54,21,57,104,179,252,26,209,28,55,125,5,61,116,58,90,105,108,232,60,34,59,58,204,65,66,120,142,200,28,150,205,201,166,223,26,213,5,203,83,245,144,134,177,226,206,72,211,228,238,89,228,138,252,190,126,13,139,34,139,150,48,47,188,218,38,195,34,204,9,25,231,224,6,137,217,77,213,173,10,222,86,209,157,157,152,244,26,12,85,112,161,115,67,219,171,130,241,190,186,153,208,180,121,20,217,229,204,237,232,108,218,142,170,92,140,101,205,224,146,166,128,76,90,130,219,42,225,69,6,83,204,86,231,72,73,229,54,35,145,20,102,138,120,233,134,75,112,222,196,32,230,112,251,255,220,161,50,150,187,27,167,220,137,13,230,62,3,48,10,61,102,99,151,86,61,49,64,161,183,109,125,166,157,167,75,193,46,192,241,23,29,213,21,243,170,140,187,10,4,108,98,15,189,240,24,53,150,115,54,179,159,215,183,52,124,216,21,208,136,42,139,146,238,196,48,10,244,183,150,111,122,94,212,161,169,127,229,190,36,36,6,155,227,11,165,118,127,103,231,193,123,157,29,72,251,59,86,214,207,98,71,182,81,5,116,189,219,224,230,7,173,74,64,129,156,84,71,198,72,36,60,49,123,192,171,154,189,11,244,125,161,67,244,26,83,77,123,15,231,205,84,241,98,154,221,79,220,176,45,93,217,12,98,111,251,210,81,60,162,6,90,67,85,252,71,75,77,234,43,96,205,206,154,120,106,155,150,155,139,224,246,83,21,206,38,21,159,198,140,105,37,145,204,197,9,233,14,10,152,100,209,60,147,115,242,58,3,240,244,96,130,207,234,204,129,226,74,76,151,169,239,244,7,151,153,143,61,132,178,66,69,226,56,116,93,91,94,172,205,44,79,52,95,163,18,219,101,145,235,255,165,46,213,153,136,7,24,123,222,180,32,252,19,99,242,228,15,105,14,23,244,178,212,183,99,234,218,155,195,115,47,164,102,213,249,74,255,122,245,175,177,161,186,44,118,158,5,16,29,240,220,115,12,47,69,82,8,89,82,207,121,157,39,165,63,182,99,253,25,80,240,149,136,241,102,221,175,222,166,2,254,15,121,114,26,221,0,75,150,235,69,111,115,108,118,6,241,52,250,128,61,106,32,214,47,220,160,119,118,246,32,12,246,183,192,25,207,224,20,217,186,248,93,157,223,38,254,134,91,106,171,158,189,108,195,160,100,2,161,246,220,56,43,57,111,100,229,188,20,126,82,186,130,138,252,105,138,254,46,86,154,7,178,166,85,149,165,191,254,220,241,128,124,163,43,58,86,57,228,203,198,118,155,63,224,60,135,36,176,175,214,112,133,77,194,191,156,162,242,177,233,157,66,238,199,3,110,156,144,33,175,61,91,21,53,48,87,5,14,196,112,110,14,92,27,196,82,8,179,97,103,199,33,15,3,66,69,151,209,116,162,39,169,78,17,171,153,130,45,52,185,207,229,147,174,4,13,3,66,207,104,82,128,144,28,3,211,177,125,248,131,238,19,0,222,188,79,31,29,100,162,79,220,1,254,43,26,164,46,213,52,74,52,185,146,154,49,202,227,198,154,52,151,215,77,217,116,208,157,225,26,220,128,200,82,203,206,233,10,39,17,42,243,92,194,242,20,211,127,241,34,212,180,185,121,168,48,95,84,223,249,159,1,48,131,106,154,106,224,239,118,150,38,192,49,85,114,166,17,125,216,60,116,182,147,107,247,152,89,107,225,130,78,233,194,208,161,140,188,51,142,98,17,84,38,252,13,133,17,164,203,236,66,1,51,134,112,234,184,149,82,164,186,29,211,228,178,240,72,35,52,18,100,15,14,86,37,192,27,166,193,70,182,126,71,214,103,92,50,67,200,138,143,57,195,118,117,148,127,224,30,146,252,197,234,131,242,130,237,8,212,173,14,74,246,7,5,112,11,123,48,3,110,156,144,33,140,182,29,80,120,205,130,76,61,139,59,197,113,92,197,108,81,1,49,199,85,0,177,142,3,66,69,230,77,235,78,20,74,127,226,248,211,241,163,222,18,142,198,49,66,107,67,39,246,89,98,7,185,189,232,129,150,190,191,246,229,216,210,99,252,70,108,49,58,167,116,189,3,221,1,171,25,250,47,108,40,117,60,173,180,148,66,166,204,184,253,87,128,114,202,35,150,141,52,115,18,62,27,74,209,25,90,92,192,30,109,232,24,16,244,188,146,26,78,230,243,244,124,128,53,23,226,15,109,121,50,214,196,25,62,252,102,107,213,59,91,212,241,158,250,198,40,84,86,251,246,239,91,190,11,155,210,189,245,34,103,146,131,37,201,129,9,102,109,77,3,165,80,134,44,252,171,158,189,103,27,47,241,150,216,172,220,78,106,66,166,117,30,232,42,228,238,82,184,149,252,228,128,198,15,133,42,48,231,23,85,61,34,126,239,200,189,214,143,207,32,102,69,216,103,217,38,184,114,69,28,199,182,158,176,206,16,176,143,89,109,229,84,81,237,247,5,2,60,126,7,6,27,40,8,212,125,36,47,58,55,48,213,207,234,49,238,248,123,63,27,222,229,89,39,33,249,38,177,142,3,19,70,162,22,67,119,250,101,173,0,1,141,17,186,0,196,18,9,57,251,255,10,105,141,173,139,7,24,229,40,195,148,58,121,5,61,61,8,179,37,144,248,167,200,161,15,55,194,4,3,124,81,162,46,213,40,117,209,142,216,239,66,161,126,162,78,228,100,132,18,199,121,156,12,119,18,81,70,175,84,92,206,233,10,39,17,42,24,53,41,180,238,26,78,230,45,172,24,63,166,222,71,81,223,153,88,121,242,48,49,241,244,92,221,51,187,90,123,200,49,34,124,253,85,192,246,18,4,166,54,245,11,42,100,254,137,90,47,217,178,252,158,212,159,135,39,146,183,214,42,46,250,102,169,6,226,153,45,140,196,95,53,32,224,74,189,11,136,237,226,9,139,254,230,176,52,90,138,65,177,140,107,110,236,218,49,144,38,169,124,95,237,133,88,247,6,171,56,195,54,89,117,182,113,101,96,68,232,36,21,175,85,249,123,82,149,190,47,139,18,105,5,68,213,234,144,20,173,164,180,242,255,21,253,40,53,211,130,115,237,68,134,226,170,92,72,69,208,82,133,199,197,30,163,28,234,212,70,12,61,233,174,219,111,152,1,209,153,130,45,222,166,44,76,147,76,249,181,6,25,169,227,222,71,65,205,233,230,53,112,148,78,239,29,6,138,251,41,144,15,134,116,21,218,57,132,100,26,39,169,108,40,117,60,173,203,221,179,234,159,40,118,244,221,61,13,42,169,148,69,208,18,155,128,211,31,234,249,90,96,128,17,42,139,192,57,193,79,224,43,226,13,222,235,128,111,179,125,9,109,247,50,198,105,231,152,34,63,58,122,37,247,233,16,110,199,120,41,84,21,205,20,1,31,126,99,101,149,101,5,175,237,37,213,245,162,121,86,84,127,139,182,58,185,84,195,252,182,248,125,99,238,29,241,64,175,25,174,56,43,234,15,205,156,237,169,36,254,143,12,35,131,195,100,15,87,140,253,110,220,149,2,163,35,243,80,95,40,66,115,194,125,118,69,165,21,133,123,221,191,10,96,134,183,249,99,30,149,233,74,122,212,26,52,76,242,14,41,26,244,160,129,156,110,242,160,124,148,200,43,35,53,11,140,101,22,3,129,131,127,41,10,19,116,198,43,110,169,122,61,33,228,161,220,23,246,201,145,20,36,78,120,211,209,130,58,220,65,142,212,63,115,218,204,6,83,165,48,18,109,189,253,214,235,181,224,21,10,168,32,6,138,188,188,255,27,127,0,234,218,25,67,115,149,148,17,158,48,32,226,122,137,186,248,125,37,175,13,87,98,98,207,208,183,47,69,225,26,6,135,183,241,243,209,233,10,39,17,42,112,70,227,236,238,26,78,127,98,64,187,121,255,134,66,85,95,147,252,136,128,223,190,235,69,111,218,51,200,85,28,158,180,119,228,60,199,73,250,91,174,17,32,188,127,226,215,14,164,155,107,247,194,98,218,30,147,15,3,111,207,25,156,52,171,154,189,99,27,120,241,131,244,242,174,20,90,43,152,27,143,223,26,228,238,163,184,42,119,241,191,15,222,94,208,229,32,11,10,7,223,125,166,50,164,103,231,75,78,176,208,54,125,27,112,126,130,118,244,134,232,36,255,125,163,211,213,63,21,50,93,233,212,166,198,129,54,59,144,144,17,21,236,175,246,40,185,21,244,181,226,64,155,127,30,131,4,190,236,230,228,210,129,247,85,50,5,199,214,87,56,40,236,124,175,85,52,91,184,127,175,125,222,65,196,219,168,184,83,218,213,39,25,227,243,6,236,183,37,62,149,26,191,42,168,168,210,221,121,223,175,223,170,164,129,145,106,87,248,167,26,74,46,91,174,187,228,49,216,148,32,43,59,162,78,132,221,177,71,149,220,58,87,75,185,182,200,100,74,19,190,67,216,198,58,232,145,70,233,188,83,23,146,175,150,145,196,63,73,23,226,15,109,121,50,243,250,238,9,158,69,18,115,41,236,124,38,193,182,38,87,205,17,10,32,173,40,52,99,199,127,55,113,175,218,6,131,25,182,129,218,156,48,51,28,21,135,165,38,129,171,73,71,28,130,209,234,227,171,23,112,70,24,212,166,63,173,138,22,64,238,240,155,136,106,173,138,15,46,94,26,150,159,8,9,228,239,67,34,200,103,66,231,224,6,207,203,207,141,27,57,147,37,155,119,185,252,227,30,180,149,141,123,84,47,82,8,30,99,135,5,98,213,238,96,6,110,74,226,30,247,71,138,178,218,195,120,42,234,175,20,197,50,76,220,230,227,223,129,250,66,173,224,31,3,153,140,151,77,235,78,250,101,173,0,171,79,130,230,138,195,230,9,57,251,255,10,3,25,207,227,225,236,46,191,78,2,86,125,48,103,74,22,234,170,102,149,233,242,10,122,55,120,180,132,33,26,164,46,213,40,48,92,161,198,103,16,43,209,56,150,120,128,28,71,149,65,109,123,11,190,222,183,29,108,130,217,69,96,128,17,42,139,192,215,188,238,2,142,217,107,82,76,189,131,179,71,238,109,114,100,55,107,200,190,235,69,111,115,234,236,190,235,255,214,18,108,104,190,69,43,126,160,75,132,154,217,47,5,122,236,6,131,25,182,129,218,156,48,51,128,109,60,231,247,163,142,106,197,209,153,227,24,67,171,203,119,77,24,19,238,181,156,71,26,228,238,163,184,25,106,90,133,118,177,111,95,39,9,218,218,120,208,126,71,61,42,200,143,194,241,241,201,98,167,56,124,58,55,118,244,134,232,36,30,170,219,140,133,77,194,92,127,65,86,221,126,230,246,185,48,6,97,12,144,193,242,57,201,200,53,199,87,101,116,147,45,182,226,43,68,194,12,234,200,190,54,1,107,31,146,153,180,230,77,235,78,20,59,13,93,29,190,7,163,185,193,45,252,237,159,203,6,8,141,150,76,96,182,189,93,16,127,62,224,60,141,31,102,165,70,179,6,205,168,200,157,16,194,180,132,33,26,164,46,192,111,121,232,184,153,38,144,120,186,203,250,166,63,16,66,185,220,115,12,58,146,208,128,223,7,247,21,152,228,39,31,90,139,215,178,242,86,164,35,127,98,144,244,106,251,134,91,93,82,104,50,82,250,223,190,235,69,111,115,234,236,193,123,157,49,22,11,41,17,102,216,239,242,52,66,101,217,15,148,146,27,5,131,13,182,121,161,132,109,165,33,124,168,98,149,252,56,158,223,173,142,151,36,207,51,135,83,133,63,234,157,238,132,173,196,99,37,112,209,192,33,148,209,15,222,94,110,118,194,63,10,70,51,128,225,61,42,86,231,110,6,176,56,110,27,38,38,139,86,209,244,134,232,36,21,170,67,249,73,180,194,92,127,65,62,221,238,112,66,238,199,6,10,31,46,186,58,106,196,178,58,162,87,209,155,221,20,248,115,43,215,138,12,86,128,21,215,173,153,15,76,251,69,151,96,170,192,188,171,183,151,151,27,252,22,225,20,62,184,222,251,235,10,200,9,71,236,100,220,229,188,13,179,53,112,217,107,74,246,234,13,99,89,34,244,80,3,189,159,170,138,125,11,204,210,21,28,187,60,173,153,103,179,222,229,10,250,108,98,15,185,240,24,53,150,115,69,41,153,229,184,23,77,152,228,24,45,123,72,61,245,77,70,18,47,66,232,28,210,250,225,96,93,88,186,28,206,37,171,75,190,112,101,20,166,103,231,193,211,94,49,182,219,124,224,66,147,214,31,109,132,155,231,127,0,112,7,106,35,229,218,197,83,156,208,212,216,83,17,82,59,122,171,4,96,248,9,71,119,2,233,220,168,196,112,43,35,140,173,188,201,103,88,148,231,176,9,198,215,81,46,24,155,193,159,83,231,120,208,5,152,126,43,143,115,194,140,241,201,96,188,173,64,2,232,198,96,134,224,59,77,143,163,195,218,84,47,207,135,199,131,135,156,69,157,162,152,97,17,162,196,75,140,108,188,186,100,92,90,207,15,187,80,55,189,167,17,194,227,244,159,40,212,28,177,142,3,185,195,169,246,124,235,141,95,0,207,134,45,80,58,0,90,165,9,211,57,241,19,6,103,71,187,62,120,208,124,15,195,86,166,233,162,156,33,165,142,246,118,187,244,13,124,252,15,57,185,160,248,164,102,213,215,121,209,139,227,247,208,145,102,148,38,226,132,16,58,247,28,148,201,50,146,102,128,29,31,208,34,155,21,10,12,22,238,46,174,238,92,108,78,130,60,222,208,189,77,229,254,15,39,34,249,159,211,75,190,42,154,106,115,234,236,193,16,154,82,222,40,106,60,214,235,179,28,201,238,188,237,55,134,145,103,170,213,229,62,129,139,90,48,51,223,185,17,84,38,252,13,133,17,164,203,236,66,1,51,134,112,234,184,212,35,62,72,124,210,44,147,206,42,149,128,252,138,151,73,101,154,7,159,8,85,70,182,126,71,61,73,133,37,149,59,246,144,216,125,68,124,43,132,232,119,102,242,227,87,125,214,188,237,29,83,203,178,118,201,7,5,179,157,229,141,6,110,156,144,33,195,21,253,30,48,212,12,33,66,200,142,90,224,138,101,219,138,1,73,97,72,116,131,230,87,135,115,235,216,235,78,20,102,138,120,171,153,34,199,41,78,44,184,102,174,28,67,236,141,108,139,224,53,123,56,43,78,190,112,217,107,74,162,28,13,49,41,178,218,80,53,200,15,19,200,43,26,164,46,213,196,45,65,161,10,154,201,128,177,18,21,28,60,16,66,185,220,194,201,241,146,7,200,215,150,150,121,187,245,230,121,77,86,77,215,134,120,2,188,89,114,236,24,63,166,222,71,186,135,241,252,101,171,115,62,168,102,93,212,160,234,148,162,94,49,125,164,106,86,214,246,179,252,182,81,53,161,23,52,175,143,132,210,92,98,208,165,141,127,37,31,220,147,63,38,226,108,4,241,108,60,188,66,61,213,135,146,77,151,134,177,226,143,168,239,163,72,106,214,227,119,163,239,15,222,94,208,229,32,11,10,7,111,169,228,53,102,214,51,214,117,194,198,144,46,118,113,126,130,118,244,134,232,36,21,175,38,122,51,16,52,34,62,162,59,92,189,169,180,71,65,244,46,255,226,75,74,7,29,121,53,48,87,131,70,97,118,226,123,76,236,230,228,210,15,255,35,99,177,142,3,194,161,73,56,125,78,20,102,138,120,171,153,130,57,3,192,45,159,237,66,4,108,87,25,169,227,207,212,88,237,69,68,2,191,217,107,74,246,234,13,223,248,132,32,13,89,16,212,180,152,111,62,120,139,165,115,124,29,108,125,85,250,17,186,44,217,161,132,15,206,240,220,115,12,47,18,62,128,74,107,19,94,152,94,165,79,217,139,104,215,70,120,11,78,241,150,212,202,63,166,222,90,217,209,7,41,115,174,52,155,118,201,58,253,37,236,222,123,137,124,171,41,65,145,102,12,100,163,63,120,85,38,189,38,107,242,97,175,95,20,230,157,181,239,51,223,185,17,239,91,252,69,169,84,108,203,172,66,9,135,209,7,91,151,57,78,205,231,177,239,152,238,205,205,39,45,114,215,117,210,140,151,110,145,166,85,25,208,126,71,61,42,86,231,110,6,77,96,27,16,118,159,139,255,101,2,88,227,230,23,204,121,239,136,29,128,57,171,90,136,130,65,20,213,144,223,73,177,195,144,33,195,21,253,40,53,199,4,186,116,196,150,138,115,92,236,199,228,242,56,73,163,199,175,74,179,145,232,226,56,235,73,140,21,78,120,211,135,147,112,222,181,55,129,112,43,255,10,3,25,207,227,7,53,197,19,87,182,168,178,62,229,216,29,102,14,82,6,179,10,161,67,16,19,215,103,119,11,81,101,213,4,124,157,173,203,165,146,59,235,33,4,161,236,16,228,191,83,84,172,79,77,62,128,74,82,247,121,20,10,244,134,94,172,53,70,14,218,82,127,135,204,145,21,240,166,159,71,76,251,110,50,159,203,200,230,137,69,228,163,31,236,193,123,157,82,128,108,200,17,245,0,91,116,52,6,78,66,101,85,196,164,132,131,25,182,98,200,98,61,15,223,52,168,51,38,129,171,187,187,33,123,220,12,232,171,35,112,173,238,131,177,191,39,168,239,228,238,163,184,176,52,69,126,62,15,94,237,150,113,107,2,183,78,211,130,163,103,37,237,56,250,118,69,225,224,41,221,139,250,130,96,68,232,36,21,175,38,122,251,89,123,190,52,95,204,242,25,235,213,89,96,227,31,5,14,210,2,196,253,245,67,157,87,5,14,196,112,110,14,92,27,196,82,8,179,97,103,215,153,15,3,162,66,88,56,235,73,186,169,138,151,127,153,0,76,97,137,133,73,85,158,4,77,235,45,143,155,94,148,125,28,185,230,1,168,74,227,74,246,234,13,223,248,49,212,146,99,31,12,71,244,143,62,148,210,62,115,40,92,45,36,103,16,43,124,148,12,161,236,204,204,149,176,195,137,98,129,243,202,50,240,150,205,20,10,39,17,42,139,192,215,185,221,91,48,217,47,102,124,38,207,155,140,85,134,48,50,147,203,248,81,51,69,111,115,234,14,107,123,119,132,188,130,166,137,174,246,179,252,182,251,199,26,189,52,145,225,251,107,68,62,129,24,245,239,51,223,185,17,198,156,98,112,171,189,128,203,236,66,209,216,134,183,93,63,2,33,226,143,168,239,111,126,98,181,216,255,190,107,247,216,140,125,12,93,218,179,163,38,112,34,50,221,184,5,138,59,246,144,216,224,98,106,135,162,63,109,68,232,36,21,175,38,122,251,89,146,109,93,95,115,57,30,80,189,77,152,97,17,96,220,110,142,108,233,121,235,145,87,209,203,68,58,90,129,12,25,63,231,86,7,220,121,33,167,254,36,253,164,65,218,43,177,51,52,0,31,151,184,77,199,121,90,108,168,57,251,255,10,3,25,207,23,87,53,28,93,8,47,196,246,235,236,61,55,96,73,245,48,247,242,109,166,150,194,8,222,33,147,148,34,52,183,27,232,122,53,237,60,207,228,69,154,123,158,98,204,32,169,131,243,37,18,6,93,89,241,188,121,20,10,39,17,42,139,192,215,188,238,2,189,241,34,212,144,130,165,222,36,154,109,121,50,159,203,200,190,235,69,111,115,234,215,251,28,107,124,38,150,159,23,133,78,33,252,184,56,185,66,101,114,175,96,212,174,254,239,183,200,84,127,49,40,102,56,231,7,190,171,154,189,128,203,160,215,245,157,33,177,133,100,210,143,226,91,205,239,84,126,191,51,183,52,195,199,61,46,94,26,150,159,8,85,70,182,126,71,61,15,206,115,7,241,73,243,200,188,56,124,249,172,154,96,134,181,65,21,175,38,122,251,89,47,219,93,65,212,135,5,98,213,238,179,129,46,5,14,210,240,7,253,58,53,193,87,153,61,139,118,3,94,59,110,212,208,131,49,75,169,215,245,31,195,66,133,235,77,33,133,142,123,138,205,239,137,130,199,41,196,109,177,121,103,30,228,114,103,184,113,151,36,161,110,63,20,19,121,74,107,88,85,245,13,223,248,49,212,161,162,16,194,180,132,33,240,235,58,213,40,117,60,173,153,103,144,43,89,18,4,132,167,54,90,82,193,115,12,47,18,62,128,74,82,19,124,69,31,39,17,42,139,53,98,56,181,11,127,101,103,184,24,253,77,140,48,146,136,144,133,243,234,0,208,90,157,142,127,234,9,2,153,17,24,99,91,110,22,212,87,114,194,46,252,24,186,85,149,184,95,54,254,111,15,60,87,59,163,228,177,39,245,224,91,252,142,211,125,164,124,172,161,81,216,209,183,93,5,149,148,189,240,168,20,36,126,106,203,126,241,93,138,254,46,46,238,150,135,182,77,76,38,84,34,98,43,25,213,149,138,33,198,232,125,79,106,155,130,209,152,35,48,213,21,229,27,222,119,196,96,34,171,183,59,171,177,205,241,37,151,181,227,24,118,33,79,19,81,151,11,178,210,86,172,103,193,74,186,205,218,217,159,210,149,97,18,116,177,254,228,87,138,235,77,153,22,85,76,106,80,29,27,137,99,104,196,207,252,181,199,23,192,3,66,207,92,7,236,220,232,185,230,1,182,232,71,74,137,93,136,107,46,178,32,53,99,219,194,57,103,167,189,7,242,134,126,117,151,173,200,148,29,166,187,123,76,52,151,11,155,13,26,115,246,130,18,62,128,74,145,52,167,90,10,16,17,110,71,92,80,146,203,102,127,121,29,71,196,63,6,124,71,76,251,121,115,221,0,75,150,235,69,111,115,108,118,6,241,52,250,128,61,106,32,214,47,220,160,119,118,246,32,12,246,183,192,25,207,224,20,217,186,187,188,51,237,57,118,63,44,252,171,158,189,175,27,140,174,11,171,23,252,218,162,203,35,59,54,82,238,154,152,206,181,179,91,90,156,15,119,110,147,247,228,8,3,51,191,125,1,158,23,66,118,150,138,138,158,165,132,118,194,253,119,63,175,70,143,226,250,175,16,122,6,16,170,203,14,29,254,143,239,80,118,137,36,97,21,201,100,33,162,166,253,40,53,199,232,65,9,147,118,75,123,249,55,166,165,96,85,199,251,228,181,58,144,153,112,226,140,33,145,20,152,78,120,211,137,80,42,222,196,142,168,73,41,42,92,43,103,184,220,62,233,88,217,57,149,198,39,175,10,61,102,165,30,223,25,49,162,100,157,16,194,180,132,48,33,206,89,213,144,117,184,120,20,122,144,182,81,110,67,2,62,252,41,27,35,68,161,47,144,41,196,89,241,159,18,92,135,208,136,70,139,192,215,188,100,13,248,206,253,198,50,130,251,198,71,238,109,123,15,249,66,137,31,115,71,68,75,31,236,193,123,157,229,128,61,142,86,251,246,210,215,190,140,246,165,115,195,224,67,39,107,68,54,43,37,57,57,15,166,83,61,84,38,252,171,129,47,203,133,224,224,77,233,203,119,77,173,29,41,104,143,168,239,228,95,206,98,227,153,215,151,118,216,133,151,110,131,7,85,61,182,36,85,96,242,75,169,7,242,194,83,107,132,98,198,208,14,75,137,60,242,216,250,149,149,77,119,111,25,219,47,95,124,183,183,77,208,133,21,3,21,21,117,1,168,21,185,142,48,110,40,143,144,151,115,142,144,76,220,230,165,156,122,255,169,185,111,107,217,194,147,33,221,233,182,109,123,138,144,209,153,130,45,222,80,155,59,68,251,235,10,107,177,148,113,24,212,161,217,105,67,118,111,246,236,61,136,179,37,145,75,137,212,136,15,240,97,70,132,33,26,164,59,104,140,23,29,67,211,109,144,247,89,166,213,216,142,243,204,149,176,195,137,98,129,62,45,50,61,84,206,20,173,217,17,8,105,77,39,188,238,2,78,188,225,130,153,144,251,121,207,93,172,147,132,104,105,70,151,182,56,58,253,130,116,193,125,157,29,151,164,106,86,214,246,148,31,75,99,107,105,101,19,160,109,219,85,25,15,60,7,59,163,13,177,252,201,162,40,40,135,228,52,214,232,200,101,101,253,90,84,153,203,200,69,98,135,184,51,51,77,52,93,181,249,19,234,97,246,129,47,118,224,72,43,75,182,126,71,61,142,55,200,67,254,138,86,200,21,222,124,19,86,140,173,200,191,247,19,140,202,244,251,89,47,219,156,139,115,183,5,68,213,185,71,78,68,167,16,129,67,108,33,168,34,110,60,153,79,89,24,232,29,60,110,164,66,210,149,97,18,174,61,181,234,195,248,236,22,235,219,20,152,189,1,209,153,130,45,222,166,44,76,147,180,179,134,217,129,239,113,94,132,225,56,180,230,20,177,66,180,221,68,6,130,188,254,138,187,69,194,132,181,170,248,119,136,159,233,127,123,108,61,41,142,97,144,183,197,204,9,27,8,147,187,82,193,77,52,11,26,179,47,74,2,25,190,220,5,197,17,209,139,178,178,234,46,237,120,163,154,144,102,240,121,78,125,203,202,9,45,57,234,204,81,235,64,106,115,234,236,193,163,110,0,18,216,179,86,77,204,163,28,211,56,162,210,20,23,146,236,132,80,0,182,178,83,156,0,212,105,90,118,63,44,252,171,158,189,4,1,193,224,145,133,23,246,77,95,134,67,230,3,44,132,9,90,186,209,243,241,149,133,1,15,111,119,192,228,8,126,255,200,128,154,113,42,86,231,110,83,58,158,108,139,225,110,110,242,89,8,224,185,129,87,134,38,176,251,163,205,246,138,191,131,114,5,98,213,238,110,129,17,20,196,75,175,61,91,21,236,194,233,230,15,68,134,226,108,151,152,230,228,210,149,245,85,104,40,225,125,122,70,69,236,105,83,1,180,97,150,183,44,130,95,222,92,230,9,57,251,255,10,105,155,165,23,224,116,197,19,130,236,58,108,177,219,27,5,105,14,99,116,49,64,161,192,72,106,227,76,225,81,162,46,213,40,117,169,213,53,85,32,183,162,0,29,248,142,147,99,166,217,208,87,225,19,99,183,100,184,85,46,115,10,16,17,8,99,162,233,113,238,2,78,241,253,64,144,101,77,168,21,22,169,35,50,147,203,137,84,188,201,23,27,180,234,251,44,207,40,22,219,59,86,87,104,179,73,17,155,157,217,101,5,175,185,12,181,88,240,43,157,106,157,165,182,36,59,96,92,67,24,70,47,108,141,172,102,176,139,147,177,18,172,196,78,99,229,65,75,111,232,155,192,213,105,223,100,61,136,110,26,188,231,231,159,154,90,67,85,220,241,200,143,194,241,241,201,98,155,133,223,114,88,127,96,134,111,204,62,127,163,247,188,91,170,203,14,166,189,14,25,205,143,229,96,15,190,190,230,126,202,177,253,43,163,199,226,250,198,59,183,239,113,134,27,168,80,242,193,171,87,122,72,167,99,253,195,144,167,35,145,20,45,138,64,136,58,252,229,121,87,142,101,57,110,56,61,82,9,239,139,113,91,244,91,233,224,26,82,217,209,168,55,99,8,99,19,223,170,161,67,16,25,215,36,253,136,214,176,122,111,55,65,71,10,154,185,59,186,248,13,246,221,61,79,228,176,208,12,111,129,62,230,233,177,130,217,131,132,128,117,176,172,69,126,129,250,237,151,162,47,198,50,240,246,222,160,95,109,206,249,159,191,75,190,211,154,106,224,239,118,150,38,192,49,226,11,36,23,197,217,173,205,66,81,225,217,88,20,65,235,223,17,18,20,251,157,85,61,203,72,124,80,63,38,169,177,158,189,108,203,224,224,77,233,203,119,77,56,103,231,99,198,237,7,168,23,79,37,35,52,63,165,226,140,94,30,193,159,210,231,120,253,243,71,61,42,86,127,163,38,246,154,207,154,173,124,19,86,201,164,70,55,204,105,51,175,123,147,117,25,219,135,191,131,135,238,20,213,158,223,33,141,12,234,33,195,21,253,30,48,212,12,33,66,200,142,90,224,25,70,222,12,234,42,247,212,237,149,45,186,153,58,151,65,50,20,20,102,138,120,86,175,17,230,222,18,142,149,135,83,218,10,3,25,207,175,94,181,225,239,105,195,197,178,68,107,228,246,102,28,230,158,238,100,156,4,247,194,180,132,33,239,83,220,155,40,14,60,91,168,160,132,150,150,148,78,105,128,71,71,208,241,53,181,53,185,42,135,122,35,150,205,20,10,39,17,194,238,65,174,14,218,82,127,241,34,212,23,145,246,109,71,15,109,121,127,121,211,166,245,22,33,48,189,180,135,1,237,52,49,240,216,240,21,197,118,157,247,64,163,54,125,100,153,192,25,106,201,132,28,217,97,85,87,93,3,83,61,239,91,252,248,162,3,91,201,88,99,80,220,3,119,205,95,49,210,203,237,142,171,228,232,132,111,74,75,90,94,229,123,23,26,161,71,91,107,61,34,10,176,36,24,128,4,234,68,241,198,143,77,79,226,180,71,31,40,42,185,29,80,175,127,244,251,89,47,219,91,95,49,143,5,68,213,77,89,227,68,114,160,215,74,220,0,43,163,199,226,64,155,76,41,226,95,22,171,164,66,210,149,97,18,148,58,45,203,132,114,200,214,227,174,250,223,238,70,183,156,61,18,3,233,47,209,57,235,255,147,39,246,207,227,7,53,88,98,137,20,53,19,217,212,227,231,191,95,223,142,142,206,194,215,102,30,138,108,106,177,0,111,209,207,3,183,177,77,96,89,3,177,244,4,166,63,16,36,166,163,173,67,11,29,69,153,205,82,207,121,187,245,244,246,110,86,231,46,224,120,11,78,241,150,212,255,130,179,232,71,238,109,10,65,217,154,162,186,9,43,162,27,42,118,90,13,156,211,78,148,186,61,70,183,179,252,182,81,226,210,79,245,20,230,51,213,25,201,129,147,190,188,7,223,185,17,84,253,63,80,106,105,37,214,27,144,176,105,0,246,27,151,49,177,187,54,50,35,9,95,206,98,227,153,215,151,118,216,133,151,110,131,7,149,47,38,209,34,234,241,59,52,110,207,58,205,110,226,70,190,180,119,130,3,68,185,129,26,159,78,122,148,82,96,173,121,111,18,34,107,98,250,238,199,161,215,172,56,30,2,196,253,119,218,195,101,215,37,200,50,226,2,4,23,151,237,65,11,51,238,204,166,14,178,194,248,73,118,233,145,20,82,238,69,151,175,80,45,138,65,142,209,112,251,46,49,97,25,207,227,7,116,189,254,57,195,53,46,175,10,185,246,53,13,37,244,145,15,201,183,236,78,166,96,36,75,166,46,91,78,117,60,173,153,103,144,43,89,13,253,46,8,16,158,185,110,18,113,33,187,218,10,100,175,245,203,216,36,110,54,232,52,171,233,188,230,45,112,175,61,212,202,63,166,222,71,15,109,187,217,9,61,166,126,9,43,111,74,234,6,246,241,155,70,168,191,244,30,66,193,60,1,133,132,54,237,79,113,175,59,240,167,62,182,129,218,156,48,51,223,185,63,96,77,84,130,211,197,255,138,72,248,67,109,23,174,111,151,49,177,237,27,46,169,10,168,254,230,176,52,90,138,15,46,94,26,148,118,221,230,39,203,205,9,151,43,26,50,128,117,214,56,18,125,215,221,129,86,209,244,134,37,213,21,82,254,38,73,54,36,176,178,166,0,114,5,98,213,238,236,129,17,60,196,75,205,160,218,61,19,41,87,131,22,59,183,226,123,76,236,207,90,1,133,175,251,13,113,33,228,197,69,151,75,211,62,231,1,46,1,171,45,80,45,243,27,43,129,241,251,255,10,3,129,165,243,5,128,109,93,113,114,62,108,48,184,120,246,102,28,26,154,38,223,100,162,252,67,189,128,101,81,164,72,219,28,187,60,173,153,103,132,234,238,35,48,158,46,98,10,208,44,53,233,115,29,160,202,74,0,188,121,20,10,39,17,42,139,192,14,242,228,13,78,111,150,217,42,189,111,11,198,93,134,125,181,61,161,200,184,120,194,89,115,247,231,193,19,127,242,151,164,106,86,214,246,179,252,182,81,138,177,132,112,224,230,7,173,25,201,129,164,243,147,154,1,0,142,98,156,232,254,13,250,151,123,208,64,119,173,135,83,185,217,198,41,104,143,168,239,228,238,163,184,176,97,110,10,187,216,31,16,130,131,232,234,218,67,195,63,158,9,5,115,190,43,142,56,18,125,174,221,129,86,209,244,134,232,36,21,175,85,249,123,82,47,245,93,90,45,183,191,77,66,162,96,6,110,156,144,33,195,21,233,21,165,110,158,186,15,200,45,176,123,156,236,129,208,85,240,99,143,202,245,80,3,153,140,151,77,235,78,20,81,108,70,111,153,52,45,159,233,171,231,181,131,4,13,196,9,166,23,68,118,198,121,108,2,86,159,74,227,74,246,234,13,223,248,49,212,138,129,21,125,155,103,209,33,164,102,213,114,155,61,41,153,103,144,43,89,18,4,166,46,98,10,208,240,186,52,50,253,102,19,89,241,128,121,80,10,204,109,200,59,115,57,193,79,224,43,226,13,222,235,128,111,179,125,9,95,126,252,19,128,75,150,235,69,111,115,107,231,193,110,156,172,196,192,254,86,214,246,179,220,92,251,15,115,101,68,249,118,132,49,25,240,43,253,252,130,114,211,111,11,51,71,235,248,212,171,11,124,172,139,75,157,203,83,77,151,134,177,226,57,31,240,168,238,82,184,56,240,82,202,151,240,133,95,82,196,210,43,70,214,227,137,234,42,190,52,110,172,234,227,54,76,118,124,139,86,209,244,134,232,43,234,30,187,247,179,91,239,219,77,65,149,4,208,153,97,206,90,82,66,187,178,92,246,48,3,142,121,11,167,64,155,197,117,131,4,190,236,230,228,210,149,97,18,116,141,33,14,36,134,69,246,98,109,40,6,183,184,224,44,186,225,41,190,216,123,132,251,235,10,254,47,11,227,7,53,229,56,233,230,53,14,70,73,48,246,53,13,71,244,178,244,80,4,247,194,180,132,33,26,164,46,213,250,153,113,36,203,85,32,242,159,97,4,183,63,67,204,109,7,186,184,79,77,62,128,74,82,247,121,20,10,161,134,90,247,192,217,188,102,102,249,182,227,27,102,128,165,1,139,130,97,233,45,57,253,48,49,241,173,106,115,234,236,193,123,157,49,22,33,84,55,205,221,163,105,64,81,225,217,174,78,67,164,132,131,25,182,129,218,156,48,142,72,72,60,108,118,117,24,112,127,99,123,125,146,127,72,203,65,218,172,178,23,141,156,108,137,105,226,179,214,226,179,240,191,68,227,227,56,110,162,7,43,75,182,126,71,61,61,103,231,138,107,120,243,232,76,118,124,139,86,159,182,238,66,194,250,51,149,141,44,16,12,217,93,219,53,198,126,221,161,240,44,20,177,156,139,32,58,175,104,88,163,199,226,14,12,68,118,226,123,43,27,194,235,1,43,97,140,204,34,80,179,78,47,230,216,138,104,30,108,251,184,127,58,7,106,216,185,45,153,12,251,255,10,3,66,207,113,180,38,109,249,113,183,196,197,175,10,185,133,220,147,64,204,223,73,213,99,145,14,180,66,230,164,45,171,171,103,21,185,135,128,144,134,134,158,247,94,142,153,176,168,13,26,115,38,30,159,145,128,174,7,247,121,20,124,211,136,42,178,238,83,253,205,164,24,20,57,226,188,232,190,168,198,201,134,196,57,12,250,109,42,235,53,111,83,139,229,1,163,52,140,188,118,36,238,24,0,42,194,73,4,24,186,71,149,174,183,54,166,77,15,60,245,59,163,176,177,252,198,162,120,30,135,228,42,214,232,200,101,101,48,90,84,227,203,74,191,98,47,24,46,64,238,163,184,176,52,178,28,214,140,94,37,241,37,166,85,166,78,106,71,152,211,51,118,150,38,194,185,225,19,203,223,155,119,45,25,215,143,194,140,180,38,122,251,62,47,174,174,226,26,225,141,175,185,234,65,82,87,27,147,233,172,215,247,247,199,69,189,10,211,115,226,173,3,144,90,130,251,42,225,191,6,83,161,86,237,125,73,229,224,89,254,245,64,180,68,172,209,130,45,222,196,142,168,57,206,76,113,22,253,24,98,7,130,65,56,233,230,246,160,80,71,74,218,180,228,169,46,99,218,127,89,252,241,133,77,167,136,179,17,155,86,117,60,173,153,103,16,43,95,0,53,108,163,52,57,208,119,53,168,69,132,160,219,203,104,172,255,48,208,225,68,123,72,169,245,77,156,18,244,164,232,10,162,250,225,57,93,88,128,28,206,209,185,227,59,249,130,211,227,4,236,193,123,157,49,22,216,243,163,57,104,179,193,110,168,101,217,214,184,122,236,132,10,130,72,62,89,90,175,209,236,228,56,84,92,48,112,106,123,25,72,172,156,127,105,35,86,173,195,181,111,63,129,65,111,154,221,206,40,202,106,90,180,61,46,94,26,150,220,197,46,39,182,10,71,30,68,235,4,20,244,93,69,255,224,174,221,139,222,113,244,178,108,36,213,68,138,77,119,89,47,219,93,81,59,94,208,80,92,160,71,6,27,156,73,213,42,119,118,99,111,205,130,178,233,60,92,221,226,180,37,158,159,210,116,7,161,218,245,80,3,153,140,151,96,170,192,188,171,183,151,151,27,252,57,41,43,216,211,48,41,241,67,111,155,157,227,241,53,85,91,41,230,53,112,217,17,61,236,99,13,51,248,126,20,215,244,165,62,211,66,230,127,45,253,79,103,47,114,135,128,214,134,134,226,247,177,57,153,176,89,179,103,170,68,68,243,196,216,42,1,21,185,108,78,72,247,105,57,230,9,5,107,140,150,203,83,83,27,126,42,213,145,168,201,119,131,107,114,249,22,18,229,126,9,204,91,215,171,77,40,178,216,106,86,214,68,151,77,52,92,199,115,115,0,179,237,180,131,193,2,66,164,101,49,227,145,98,17,84,38,252,103,162,127,111,203,236,66,207,216,218,112,78,59,223,237,205,27,164,63,36,28,233,147,35,131,90,138,15,46,47,95,18,68,95,2,46,38,126,176,61,164,78,52,150,6,176,56,57,77,79,226,180,47,39,139,70,184,60,140,180,49,247,251,62,47,18,241,39,209,221,51,77,151,232,135,153,21,5,208,215,34,55,188,142,116,57,209,59,237,42,183,226,123,76,236,232,153,70,114,254,212,204,152,219,179,197,140,208,77,69,181,51,101,78,17,90,209,130,63,53,87,44,27,147,41,142,204,149,246,11,143,200,24,123,222,180,32,252,19,99,242,228,246,96,165,156,253,49,26,94,142,25,194,8,222,100,156,74,102,163,144,14,151,41,200,148,29,166,187,123,154,108,95,52,129,211,1,201,52,135,129,62,25,111,82,247,121,20,94,165,79,217,139,104,215,75,114,95,168,155,227,177,21,148,143,2,254,15,180,246,50,221,161,200,1,218,154,89,224,234,236,193,123,92,140,42,39,166,238,149,1,134,2,228,11,15,127,132,141,249,168,181,173,247,225,129,242,156,180,157,186,185,17,84,38,69,203,7,243,108,141,172,12,169,185,17,108,116,252,134,189,11,227,242,217,255,175,93,128,211,209,226,56,157,89,218,25,240,145,166,193,70,182,126,71,204,43,254,186,175,71,214,144,206,50,118,159,139,150,45,79,216,191,124,10,63,85,77,119,89,47,219,93,96,59,237,141,98,250,238,7,244,2,187,160,150,240,7,55,99,78,196,3,147,127,14,166,195,144,55,104,65,228,210,149,97,113,237,124,254,148,16,101,65,77,139,78,191,96,78,17,171,153,130,45,235,190,246,252,118,70,160,61,43,50,243,139,62,148,229,222,233,200,144,3,248,162,53,232,149,70,89,154,178,31,139,0,187,218,215,157,137,213,221,13,155,49,187,80,1,153,234,170,187,61,215,78,66,144,133,185,240,138,65,243,14,29,62,135,168,3,130,30,90,29,36,17,209,139,189,130,113,42,214,85,60,150,27,250,63,138,43,60,15,52,114,100,159,43,143,174,235,70,20,51,51,236,198,8,110,180,160,148,200,224,122,252,22,212,107,152,21,109,218,223,253,255,27,111,106,241,119,7,88,22,156,207,126,70,103,1,234,184,76,78,239,215,217,98,177,52,112,162,80,50,191,14,144,75,120,28,119,180,162,243,26,237,13,248,244,201,13,201,102,15,115,11,92,3,214,3,91,196,94,13,192,122,102,121,142,189,118,111,111,96,48,149,66,167,121,55,7,5,137,36,161,53,157,186,202,151,81,230,53,112,58,28,103,200,150,113,131,79,247,23,151,11,67,210,86,180,68,10,142,85,167,102,19,81,1,137,97,6,115,42,86,231,152,73,229,48,89,254,10,64,180,68,209,98,102,146,222,221,147,117,188,56,163,51,199,104,213,99,121,110,231,138,238,96,221,95,214,226,157,80,108,0,142,145,110,88,177,8,182,240,214,94,155,205,186,157,38,191,72,240,107,37,203,184,23,155,105,197,191,99,163,60,243,148,105,75,163,234,216,222,1,199,94,71,89,58,87,49,215,229,159,243,113,150,163,191,241,232,28,114,250,225,156,93,218,88,28,206,100,203,202,136,196,182,111,5,150,10,128,139,139,116,25,88,172,218,14,222,222,85,51,193,254,217,178,246,203,23,251,251,89,226,54,218,62,147,78,129,58,193,203,43,11,142,158,169,6,162,153,171,74,196,95,22,32,224,33,172,98,47,120,51,51,80,52,93,150,249,132,195,15,217,87,147,143,111,29,85,2,244,240,74,74,167,36,164,41,182,129,104,31,126,99,111,111,193,48,149,89,167,170,214,7,5,189,36,161,188,157,186,102,151,81,115,53,195,143,28,103,85,150,113,203,79,19,120,151,11,67,210,86,75,103,186,20,186,205,106,251,141,114,14,166,80,238,190,206,52,26,18,141,9,144,216,178,92,73,110,107,33,85,122,221,161,152,9,241,101,252,252,3,2,132,55,116,162,248,235,235,95,180,78,33,53,134,114,241,2,91,142,142,4,194,117,80,30,138,104,106,177,100,111,28,175,3,183,57,77,96,21,43,223,35,111,212,144,175,3,166,65,77,206,202,77,233,161,233,31,234,121,168,228,129,134,183,202,204,25,225,238,26,78,182,225,90,21,149,53,212,48,85,97,126,45,120,234,61,208,137,69,53,224,234,236,193,123,27,250,108,228,106,32,214,47,220,160,119,118,246,127,127,207,233,170,5,131,165,62,129,147,181,48,107,163,90,118,63,44,252,171,158,189,4,1,193,224,145,133,23,246,77,95,134,67,230,3,44,132,9,90,186,209,243,241,149,133,1,15,111,119,192,228,8,105,34,35,106,225,61,42,86,231,160,107,20,252,153,21,188,155,208,152,140,163,117,20,197,200,175,16,122,77,21,196,107,46,30,99,135,5,98,213,47,121,87,211,156,8,33,42,7,117,178,28,145,233,215,70,97,118,226,123,76,12,151,75,65,115,40,229,216,166,163,3,157,140,185,218,86,220,169,6,78,17,171,153,130,45,251,185,216,252,57,235,255,125,111,156,243,215,83,167,220,191,3,235,197,224,61,6,174,77,6,135,179,48,175,200,121,162,16,194,180,1,36,178,68,200,151,79,153,60,43,153,189,18,226,98,18,4,166,63,153,155,189,65,157,91,88,233,40,64,29,184,85,42,20,176,39,237,90,74,178,227,224,46,236,24,194,85,182,124,144,179,243,48,93,97,220,180,121,68,166,81,51,69,111,115,234,227,1,251,52,92,21,40,54,24,13,118,151,215,52,81,225,217,32,195,142,191,143,61,132,167,217,1,158,175,69,149,36,126,165,143,48,186,129,197,103,124,88,66,127,157,203,91,173,54,196,215,100,229,104,238,168,37,163,105,176,220,148,247,247,140,184,26,150,159,8,62,228,203,191,31,163,92,235,176,7,160,246,38,110,132,118,159,139,222,113,3,228,108,36,237,159,189,249,21,180,128,190,8,145,189,215,6,235,241,71,194,227,31,53,56,124,2,250,3,187,163,199,19,88,169,97,221,44,8,202,23,151,82,198,43,44,249,93,58,4,179,238,69,151,75,211,62,231,1,46,1,171,45,80,45,243,27,43,129,241,218,202,192,58,141,239,130,138,128,220,163,105,132,55,142,70,168,120,246,72,160,144,248,31,29,100,162,12,220,3,132,244,145,235,58,108,122,213,151,43,250,38,16,247,141,213,170,183,63,28,129,234,175,119,211,187,177,62,201,246,107,36,203,75,10,16,13,209,78,104,217,127,146,26,74,100,13,198,123,185,121,222,44,167,165,121,139,159,154,241,124,157,163,243,221,51,187,90,111,209,180,188,148,200,41,70,246,182,233,182,81,107,217,63,112,242,235,132,49,25,122,16,172,11,93,150,160,148,168,253,14,11,218,175,47,111,14,170,201,57,157,15,132,67,144,13,177,226,143,168,181,243,147,155,42,108,33,93,138,254,46,211,64,107,30,83,149,163,38,40,79,152,246,86,96,156,240,239,56,24,46,118,9,200,48,130,96,68,232,36,21,175,217,112,63,122,209,30,160,39,115,34,253,73,143,160,243,180,110,40,144,125,242,16,90,241,41,41,213,101,155,68,118,82,226,145,252,230,246,210,190,124,50,156,253,15,127,153,140,151,77,86,194,93,108,251,151,114,141,224,242,222,18,142,159,237,66,4,108,87,9,239,139,113,91,85,91,19,78,246,168,74,227,74,246,234,13,156,6,205,218,161,67,16,25,215,36,253,136,62,176,51,111,121,21,49,198,162,170,203,162,148,12,228,5,237,66,185,220,115,179,115,221,6,52,173,225,19,121,80,10,211,82,255,144,192,215,188,238,160,171,62,103,201,187,153,62,92,48,81,89,188,252,243,203,196,190,29,173,106,115,234,236,193,21,209,180,128,130,94,23,205,159,134,131,92,120,199,26,101,192,175,78,212,155,224,20,206,89,156,48,51,223,108,68,197,219,63,80,158,63,108,60,128,14,75,127,135,83,246,172,66,60,104,84,173,115,99,33,186,183,1,98,182,100,15,27,24,139,7,163,221,29,144,184,125,85,41,243,214,97,148,78,176,49,146,112,229,117,133,130,209,8,146,137,118,45,41,202,122,152,162,180,104,122,166,204,14,25,172,241,37,90,57,30,12,144,125,242,16,90,241,41,228,67,156,70,68,30,231,123,255,25,45,95,174,159,40,85,204,34,31,167,79,180,193,118,118,158,20,13,138,79,136,169,100,9,81,96,160,153,124,57,183,14,3,144,11,227,7,53,229,249,62,27,181,112,99,107,22,153,8,32,73,234,205,15,167,224,12,97,180,18,107,81,164,44,76,40,22,38,131,50,187,144,43,89,18,233,161,10,177,169,158,169,70,12,119,18,79,94,173,35,92,67,216,192,81,63,16,244,195,194,193,92,237,247,70,56,212,4,48,24,124,226,15,109,121,50,249,196,238,124,15,56,199,51,180,183,132,235,192,132,167,54,106,32,214,120,157,190,85,131,12,66,220,5,175,237,132,179,240,123,188,232,75,57,25,131,52,216,98,123,68,202,189,187,190,123,125,100,130,157,3,83,206,184,4,135,27,39,168,239,228,238,191,209,113,71,152,128,143,114,54,95,251,32,106,159,99,182,10,71,127,246,128,231,110,6,176,3,81,27,38,230,154,86,69,244,166,108,65,218,96,38,130,26,207,67,88,232,139,18,237,233,209,88,2,65,197,73,172,56,76,17,21,103,12,181,168,213,215,127,117,124,55,209,41,10,196,12,10,146,164,121,96,72,161,214,78,232,95,216,235,78,20,102,143,46,248,114,100,45,249,43,53,73,106,41,241,67,111,51,207,252,171,186,229,56,233,230,53,112,217,107,48,8,6,222,65,79,37,232,217,142,219,15,19,254,33,19,189,156,76,40,102,60,234,105,83,29,187,159,148,150,87,244,153,79,211,28,194,182,14,44,41,64,233,154,247,16,20,173,85,191,32,171,192,14,242,228,13,78,111,150,217,42,189,111,11,198,93,134,125,181,61,161,200,1,29,173,111,153,4,236,59,211,215,49,213,31,106,13,13,1,212,216,226,173,103,161,189,186,20,7,186,155,132,2,18,172,21,87,211,186,185,17,84,38,252,171,158,189,111,27,193,174,252,140,35,131,27,195,229,23,83,240,151,239,228,238,163,184,176,52,90,230,210,15,59,125,121,162,134,190,32,2,60,166,234,42,78,78,20,78,176,88,57,112,203,187,41,50,225,163,39,98,40,249,204,254,160,148,106,96,30,171,130,189,64,5,68,213,218,144,219,247,12,144,15,42,111,3,40,55,199,122,29,37,14,30,55,171,167,116,168,88,107,149,16,66,173,177,58,144,153,133,57,34,235,218,105,102,46,70,151,136,244,127,53,172,155,120,251,76,142,230,8,53,138,136,27,132,109,202,41,230,53,112,217,107,74,246,234,70,86,175,145,103,167,99,7,125,11,18,137,28,235,58,213,40,117,60,122,168,146,208,166,227,198,115,213,60,116,71,59,116,52,12,58,155,166,94,100,31,66,85,168,228,10,136,42,244,16,244,14,92,23,63,206,56,212,180,185,249,107,91,167,115,7,201,174,152,75,190,221,233,18,185,109,165,1,8,157,177,22,191,36,172,39,43,33,252,5,239,154,66,101,195,192,118,5,131,170,194,98,213,252,239,93,182,204,154,244,143,173,222,106,161,164,72,160,215,116,239,23,246,218,192,234,240,31,144,50,7,111,45,155,209,138,199,82,239,194,209,111,139,7,159,8,85,70,184,209,71,200,189,162,213,67,244,207,217,110,21,190,106,135,162,63,175,108,15,119,21,206,16,122,102,180,134,174,189,41,124,143,6,230,85,128,42,95,10,111,250,77,242,150,77,77,170,145,137,76,237,184,20,90,37,190,236,230,228,210,133,128,18,54,149,219,159,194,66,74,17,233,181,231,95,91,52,111,105,237,63,3,196,219,101,57,119,23,191,82,9,54,155,94,153,143,93,8,47,196,14,38,22,61,197,24,14,253,114,58,212,151,149,150,31,70,132,33,26,164,46,213,40,117,141,142,15,112,107,234,129,115,253,87,17,16,158,185,65,208,69,115,77,62,128,74,82,247,121,20,10,129,46,158,215,87,148,193,98,2,74,241,249,64,50,229,207,109,71,15,109,121,50,159,203,200,46,182,123,52,213,139,117,90,123,200,49,160,61,135,199,205,20,126,116,133,239,54,161,115,195,14,237,132,131,25,182,129,218,156,42,77,168,237,60,96,7,48,26,162,69,108,141,172,161,185,54,113,61,209,123,66,240,117,91,188,26,228,238,163,184,176,52,90,138,19,95,59,95,142,196,220,29,149,253,126,97,213,164,175,52,110,120,176,132,207,240,79,124,19,86,201,164,70,55,204,105,149,219,140,6,176,128,109,52,76,204,102,181,179,66,238,115,113,141,156,190,155,255,21,253,40,53,145,79,98,12,147,50,232,223,190,109,222,131,223,193,199,111,23,72,22,93,197,138,40,169,54,177,85,95,0,178,111,115,157,139,121,230,45,229,237,159,146,61,111,93,228,187,239,186,229,56,233,230,74,111,217,130,216,32,90,70,102,158,99,15,9,55,132,20,49,157,48,103,254,242,213,144,14,60,91,168,160,132,150,235,204,118,52,245,215,146,247,65,119,173,2,185,218,31,183,164,219,34,67,199,36,150,14,248,158,39,188,238,2,78,54,47,212,124,128,117,43,91,72,77,196,252,43,8,109,151,193,102,68,200,155,234,193,125,200,49,203,61,94,161,249,47,43,31,66,222,162,192,241,245,34,59,14,213,208,67,52,47,98,73,51,3,131,185,197,44,252,171,158,189,108,203,172,66,227,224,159,3,196,63,224,224,117,54,177,239,152,238,89,205,192,103,152,225,15,46,94,26,150,159,8,85,247,196,125,31,156,243,214,97,148,78,176,208,146,147,82,221,139,211,209,194,70,208,119,21,206,38,167,0,63,221,81,189,170,18,215,223,86,30,2,152,97,211,27,229,227,17,21,142,19,181,199,157,14,12,68,118,226,123,76,236,230,228,198,146,97,121,216,72,31,167,79,180,109,246,128,194,40,102,106,46,138,27,132,45,222,196,142,168,57,251,255,10,3,25,207,113,180,128,220,226,210,148,198,120,160,168,61,246,53,13,65,6,247,212,99,99,7,31,42,240,115,130,1,209,158,86,187,60,173,153,103,144,43,89,18,4,166,63,16,202,197,220,58,87,50,95,218,214,173,2,52,21,131,20,39,150,181,238,253,39,188,238,2,78,241,150,212,202,63,166,222,71,15,109,121,50,57,196,52,201,34,100,48,211,51,236,222,123,6,66,160,41,32,182,129,110,27,28,121,36,5,251,127,245,233,126,5,131,165,64,138,218,156,48,51,223,185,17,84,38,252,171,158,189,108,203,172,146,223,233,0,246,85,90,19,231,227,10,168,41,9,38,254,184,85,52,69,126,62,15,94,237,150,113,107,2,183,78,211,130,163,103,37,237,56,250,118,69,225,224,196,221,139,219,130,244,228,108,36,19,51,200,239,159,79,96,57,103,130,34,225,141,62,143,79,144,92,217,33,213,155,255,21,253,40,53,199,87,101,155,68,118,226,123,167,102,19,66,210,149,97,18,116,177,31,3,137,56,40,216,235,78,20,102,0,70,52,6,100,55,61,14,108,255,211,57,241,223,111,93,228,187,136,236,240,215,62,104,181,246,120,61,39,219,99,170,98,244,205,124,80,124,64,79,161,248,111,33,230,89,21,184,139,31,213,198,105,49,222,187,101,78,206,103,52,189,240,220,115,12,47,233,213,128,211,31,212,144,92,100,10,12,6,248,202,215,68,118,250,78,124,204,177,84,5,165,1,54,201,134,9,167,186,101,231,252,222,240,30,141,234,134,222,123,137,124,171,41,65,215,39,43,200,38,5,94,71,1,18,69,63,235,143,215,88,87,108,161,163,57,204,72,12,185,197,230,106,171,158,189,108,1,136,66,209,216,45,252,27,184,210,166,63,132,128,7,126,128,107,226,70,175,152,138,254,222,94,13,142,176,11,149,113,239,125,151,3,189,162,213,67,26,142,191,110,54,19,110,110,46,156,109,134,143,211,250,51,179,122,251,89,47,219,93,65,212,165,25,184,208,153,96,139,110,40,144,210,67,169,232,142,116,156,130,143,37,184,214,195,171,76,193,230,87,156,162,245,197,204,166,254,127,153,140,151,77,235,78,20,102,127,158,171,136,61,230,119,27,217,223,211,139,79,228,152,73,207,186,7,223,229,139,130,230,58,108,28,122,221,33,153,48,132,19,186,17,200,162,220,194,241,132,119,183,221,220,213,184,74,87,30,211,125,179,240,89,213,4,105,236,233,155,185,176,70,152,130,18,62,128,74,82,247,121,20,36,83,163,121,236,87,194,242,92,95,171,101,150,42,202,176,151,78,123,96,95,108,252,8,21,223,190,235,69,111,115,234,236,193,123,157,49,22,191,36,234,9,32,15,49,52,98,199,251,165,202,24,33,204,162,11,20,206,218,30,61,203,28,58,75,98,230,123,168,175,93,57,238,237,161,227,178,0,183,77,76,134,88,250,104,71,26,228,238,163,184,176,52,90,138,15,46,94,26,187,231,23,154,247,67,169,34,214,103,92,78,25,244,77,158,165,132,79,221,139,51,31,40,213,143,6,87,170,239,140,148,21,198,118,74,170,51,94,233,80,213,61,96,139,190,59,234,33,195,21,253,40,53,199,87,14,12,68,118,226,123,167,102,19,66,86,43,246,64,178,224,75,195,157,58,208,67,139,219,153,13,90,228,171,118,6,51,139,196,219,101,145,235,235,109,130,66,169,6,80,116,189,254,57,195,53,159,48,6,183,183,8,73,246,165,49,44,9,99,234,41,87,53,160,189,166,46,192,111,74,65,36,157,85,6,145,202,35,106,228,8,131,204,140,28,240,69,90,131,41,196,212,241,32,228,220,228,198,54,127,247,46,72,122,118,4,24,130,172,177,52,189,179,84,207,9,14,110,50,159,203,200,126,221,69,48,253,155,130,90,171,6,4,18,108,125,21,15,1,100,247,50,94,188,217,47,192,175,81,106,194,234,2,181,213,252,71,242,131,196,163,51,253,29,215,212,93,59,1,148,166,6,218,218,183,27,5,149,45,104,143,168,239,228,72,186,184,108,179,211,247,19,240,211,198,110,135,113,179,229,161,9,90,161,163,55,231,224,73,176,237,216,180,147,57,43,119,75,182,221,98,59,180,170,85,202,8,77,205,62,160,39,189,45,5,80,231,79,71,3,110,156,144,33,195,21,253,40,19,205,186,33,244,196,50,123,123,156,236,194,229,25,49,100,18,116,177,31,3,153,140,151,45,124,175,18,15,106,184,127,184,130,95,222,58,216,125,195,85,149,165,136,96,148,187,27,167,220,205,233,230,53,112,217,107,74,246,0,70,86,118,247,26,82,3,16,212,180,96,171,11,148,139,17,115,15,135,36,162,85,60,145,89,18,4,166,8,215,187,240,176,70,152,103,77,222,200,212,56,19,190,201,180,198,117,200,247,86,98,56,46,250,109,56,172,177,144,106,127,232,92,204,51,108,88,51,61,48,201,60,44,189,13,102,215,176,170,157,49,22,216,54,180,214,205,134,200,190,99,246,71,132,52,145,23,106,86,107,162,121,123,189,87,51,235,113,17,148,143,163,167,132,245,151,123,136,49,176,129,218,183,57,2,122,82,250,254,173,196,205,33,191,228,227,220,163,239,128,98,94,26,150,159,218,188,70,184,195,58,96,15,75,12,214,117,120,89,216,228,120,79,182,183,205,199,134,182,158,21,205,49,93,6,21,254,57,171,162,195,237,19,231,185,47,229,100,158,167,180,129,142,160,38,40,244,16,209,115,12,68,118,226,123,76,236,230,228,48,7,247,141,49,99,74,209,153,58,151,72,170,182,64,101,63,120,171,153,130,163,121,78,108,32,247,186,74,37,107,96,238,97,143,132,20,211,113,198,181,178,16,130,226,232,34,204,65,212,6,218,83,149,18,31,71,146,196,134,115,176,51,120,153,52,36,245,62,59,222,240,69,253,161,98,54,202,149,49,131,201,103,77,62,128,74,82,52,197,20,99,127,46,179,62,92,98,217,238,23,227,154,150,44,124,128,117,43,91,72,77,196,252,43,8,109,151,193,102,68,200,155,234,193,125,200,49,203,61,94,161,249,47,43,31,66,222,162,192,241,245,34,59,14,213,208,104,52,47,102,87,230,33,238,185,253,105,68,142,114,189,108,203,172,47,129,157,134,246,41,172,196,23,163,196,137,115,149,54,224,228,227,77,105,109,247,46,134,237,150,212,12,195,183,86,6,63,110,40,93,5,80,126,194,247,45,228,79,57,182,191,83,134,44,136,36,89,12,175,160,119,89,47,219,93,65,212,135,5,205,229,129,65,136,110,20,144,212,195,61,188,116,218,110,188,48,234,117,214,44,29,202,102,230,84,210,213,128,54,49,59,254,99,56,205,230,77,235,78,20,102,138,120,171,136,61,229,121,27,179,15,211,174,142,61,136,50,207,6,7,60,140,183,86,70,145,177,70,67,242,15,234,13,223,248,49,212,161,162,16,194,180,132,167,189,81,97,155,10,45,232,108,79,165,167,128,186,203,118,16,63,115,169,211,121,173,35,11,19,218,240,191,179,189,197,249,20,36,17,57,139,69,227,20,120,11,78,241,150,212,202,63,166,222,71,15,109,121,57,51,196,99,252,196,226,8,27,237,91,126,110,156,248,18,31,106,50,205,147,200,226,236,109,103,45,30,148,33,78,25,234,132,162,129,33,156,5,150,147,98,17,84,38,252,171,158,189,108,201,88,66,127,157,203,168,218,162,13,82,227,2,154,26,161,178,113,105,130,238,117,156,254,222,134,237,161,159,216,94,199,237,206,139,242,62,86,152,224,73,171,207,18,195,68,159,19,217,127,163,127,179,226,21,131,187,160,179,89,5,219,32,111,103,94,233,254,54,156,71,92,211,60,160,142,240,248,185,21,50,4,3,215,234,227,182,88,144,59,166,76,89,119,133,199,121,237,113,254,178,103,230,184,31,69,83,163,95,168,137,209,153,130,45,222,137,155,120,121,251,235,10,111,223,97,227,205,128,220,183,41,230,53,112,217,211,168,29,162,28,11,41,99,31,217,159,150,194,8,132,111,138,68,46,52,72,124,135,41,153,103,144,43,197,116,4,120,199,215,202,185,65,31,157,225,77,62,128,74,82,247,121,20,10,36,172,217,238,253,91,186,95,95,227,175,150,45,71,15,36,124,71,24,109,38,254,246,234,200,54,235,32,216,116,248,242,215,195,255,132,29,176,37,180,39,43,100,174,248,155,107,68,174,215,175,180,5,131,204,28,96,37,141,49,77,165,21,40,251,209,48,47,171,47,173,63,148,119,129,175,46,146,77,151,134,177,63,21,82,42,161,238,163,184,176,52,90,138,15,227,38,95,110,131,251,100,51,184,195,154,61,67,75,138,11,78,176,88,57,226,98,245,118,86,69,244,177,104,194,140,77,104,130,188,91,221,201,32,170,124,143,141,12,132,229,96,54,141,156,190,242,195,38,188,77,169,184,179,153,116,196,50,123,39,180,3,219,153,223,255,164,54,104,72,102,127,153,140,151,77,233,109,40,94,138,120,171,153,225,229,121,188,45,120,181,149,211,46,196,25,169,227,205,128,220,183,233,183,144,159,217,212,223,170,234,14,99,248,126,179,195,187,96,120,170,248,196,121,162,58,185,122,14,151,43,250,38,16,247,141,213,170,166,46,61,49,167,44,236,12,42,145,20,128,200,153,207,16,80,176,16,13,209,78,29,169,110,46,91,159,101,62,128,208,153,207,50,36,22,39,35,15,60,105,208,159,93,70,58,189,139,25,86,107,154,124,120,228,230,23,143,62,83,215,163,99,85,177,189,23,192,242,14,194,68,62,129,232,189,87,211,186,185,17,84,38,77,218,158,129,103,123,172,146,236,233,71,83,196,192,196,192,100,54,168,42,99,37,21,184,176,52,90,126,227,46,167,125,188,176,7,149,207,38,201,124,95,172,55,231,224,73,176,237,216,180,147,57,89,57,125,8,224,66,119,105,187,187,38,220,82,109,68,103,170,204,135,141,26,241,246,141,6,110,156,144,33,195,21,253,185,48,194,79,250,223,196,221,138,139,133,27,230,246,210,43,40,197,116,115,33,198,78,66,98,163,138,83,53,115,0,17,171,153,130,45,3,233,228,9,68,159,79,49,97,246,3,143,241,24,123,222,180,32,252,19,99,242,74,25,185,232,185,248,170,64,232,67,129,212,8,222,100,156,162,101,104,196,74,228,173,68,160,60,128,33,101,13,87,63,175,71,217,167,19,166,248,158,42,205,173,56,150,121,142,100,248,54,85,144,192,215,188,238,95,200,241,60,198,208,63,62,175,71,130,115,121,254,82,203,196,54,235,99,243,115,37,225,1,237,188,49,22,216,106,86,214,246,179,114,52,173,54,116,132,209,249,221,181,155,208,67,254,179,149,48,192,223,2,235,3,206,171,250,104,189,214,232,247,101,101,255,90,5,15,203,74,223,98,135,118,239,207,72,77,35,233,9,173,138,15,46,94,26,150,159,8,188,39,160,198,151,156,241,86,231,110,6,241,143,49,76,118,124,139,86,232,38,134,135,119,89,200,78,211,8,207,21,176,173,66,212,183,29,77,85,162,96,6,110,156,144,33,195,21,53,90,48,43,228,85,116,147,150,129,144,59,207,8,138,156,7,246,239,116,99,14,89,218,140,151,77,235,78,20,102,138,226,111,52,77,139,237,66,217,223,68,66,149,50,6,206,97,227,241,53,226,2,191,9,88,112,72,183,44,227,114,57,95,145,19,20,215,77,165,62,149,66,230,7,45,253,57,103,47,247,135,69,218,134,134,69,124,4,158,63,30,204,185,28,53,181,115,77,62,128,74,82,247,121,20,10,36,172,217,238,253,91,110,92,23,24,4,243,93,188,23,207,229,254,15,180,220,26,161,161,200,40,235,63,58,122,37,108,96,16,154,172,45,216,179,86,18,20,130,16,57,92,12,200,63,5,11,154,6,131,25,182,129,218,156,48,51,3,228,200,16,49,147,203,171,187,91,14,60,234,194,5,203,68,56,43,234,240,117,91,188,201,135,166,163,184,176,52,90,138,15,46,94,26,150,159,7,218,39,38,195,79,31,15,181,186,177,38,244,185,212,16,194,221,139,222,45,27,201,232,182,21,69,175,41,213,163,21,47,160,162,90,135,134,98,50,206,98,16,10,191,86,33,36,245,123,40,53,199,87,101,155,68,118,142,171,55,171,65,228,210,149,97,251,1,77,107,127,153,140,151,77,235,78,20,102,155,0,136,184,202,150,60,43,53,32,12,169,228,67,53,51,207,6,7,113,193,160,65,33,242,34,217,53,199,53,241,2,91,142,27,106,194,215,117,30,138,104,106,177,36,111,209,254,3,183,105,77,96,92,43,88,35,9,132,132,177,146,238,169,53,168,69,159,115,128,74,82,247,34,142,99,128,54,90,172,29,39,161,172,26,74,111,34,42,44,186,28,159,117,15,20,120,219,29,121,200,54,62,53,210,74,41,134,222,125,200,56,49,148,230,73,167,246,60,40,5,251,54,161,115,195,175,214,233,173,27,118,62,89,156,48,51,223,196,202,96,74,117,155,13,125,209,93,208,224,67,216,119,223,89,151,134,177,226,143,168,239,228,243,232,176,86,226,90,1,15,222,94,118,142,81,7,29,163,149,125,57,156,43,206,196,207,161,138,117,216,103,209,35,129,86,209,244,134,232,36,21,175,163,60,130,91,134,50,42,109,241,135,134,98,23,132,50,26,107,166,230,213,255,21,253,40,53,199,87,101,155,117,28,165,115,133,72,69,153,210,110,97,161,30,217,80,3,153,140,151,77,235,78,20,52,13,64,136,19,100,55,216,196,219,168,102,223,227,13,58,143,238,97,244,128,81,98,41,230,53,112,217,107,74,246,234,48,155,0,178,232,109,224,240,120,180,132,33,26,164,46,213,40,151,40,216,53,105,6,172,189,198,25,248,221,98,17,241,69,66,12,80,35,115,128,74,82,247,34,142,99,156,19,217,248,69,39,113,172,138,74,111,34,42,44,186,28,159,117,238,109,101,61,29,121,17,188,235,53,210,74,41,134,222,125,200,177,240,164,186,30,202,147,208,252,126,157,162,179,155,112,161,242,132,201,240,162,86,189,252,229,178,172,58,185,253,228,106,171,158,189,108,244,163,66,209,175,0,112,78,38,19,35,117,173,225,239,156,137,163,224,215,45,144,191,68,208,140,106,174,145,8,88,238,38,195,71,163,43,155,213,194,241,176,147,165,132,52,230,139,57,237,50,68,232,36,21,175,78,140,63,16,12,219,52,218,212,46,5,233,185,71,12,244,236,167,203,129,6,55,138,235,244,196,89,215,66,196,50,123,228,59,252,151,165,223,48,255,212,102,61,199,3,204,114,151,182,35,93,48,94,138,120,171,153,196,251,222,172,45,73,211,221,255,174,130,25,24,147,224,116,226,56,113,140,181,177,42,107,74,246,234,13,223,248,49,31,42,162,109,125,42,167,18,26,74,102,213,113,216,228,193,248,11,248,43,33,53,118,87,60,16,66,185,220,115,12,47,18,62,128,74,82,52,197,20,228,81,150,42,112,8,50,152,218,102,48,124,45,99,84,240,135,168,247,254,238,104,50,51,242,113,201,235,56,58,213,102,117,204,123,174,140,49,196,84,86,102,216,91,233,182,81,107,217,101,5,175,237,181,155,224,20,138,218,156,48,51,223,185,17,84,38,252,171,158,214,147,203,125,47,145,157,160,45,194,24,66,237,47,186,199,30,103,238,87,7,176,103,190,242,1,249,101,26,69,236,182,179,70,203,125,34,96,40,66,231,56,107,214,217,110,125,79,106,155,217,209,244,134,232,36,21,175,38,249,195,170,71,219,93,65,212,143,189,169,43,238,96,6,110,5,37,33,232,108,33,32,53,87,73,101,205,187,118,44,208,167,102,65,228,210,149,97,18,116,177,31,198,103,140,184,246,69,78,64,108,183,80,224,248,244,25,225,184,44,184,125,174,142,67,82,9,239,243,205,236,184,143,189,148,144,159,60,236,48,55,8,73,246,234,178,32,167,129,145,200,210,157,137,163,235,169,213,114,110,60,36,53,160,179,125,89,69,237,108,98,16,79,166,65,131,168,225,18,213,183,8,2,19,121,90,228,181,19,42,139,192,215,193,118,250,9,241,150,212,202,232,207,232,207,41,105,121,35,43,45,113,150,157,43,47,224,31,71,96,110,156,248,22,191,94,21,202,32,163,116,5,81,115,115,127,20,145,19,233,234,68,118,62,89,156,48,51,223,60,168,98,38,108,139,158,196,108,244,125,66,209,129,35,131,196,123,95,166,211,132,173,232,174,26,103,130,227,201,59,126,253,208,31,95,142,196,14,158,70,179,60,225,61,42,86,231,110,6,176,56,207,66,118,187,144,207,188,247,93,224,193,87,159,214,249,218,60,47,190,173,65,189,117,40,233,60,37,151,20,158,35,14,231,142,108,55,178,67,92,102,101,237,167,24,90,123,213,254,135,153,234,114,128,249,0,181,102,3,137,56,40,216,235,78,20,102,0,70,52,6,100,55,61,248,108,63,237,96,202,134,3,103,238,45,84,128,30,232,40,230,252,112,246,6,135,110,6,122,49,48,205,251,151,116,99,31,180,244,36,163,216,242,192,111,37,40,216,163,105,32,240,187,10,250,166,63,16,66,158,56,115,168,115,249,112,135,8,56,47,121,152,186,30,109,42,214,53,174,122,86,102,78,217,60,148,24,63,166,222,71,41,134,34,82,12,174,230,140,235,53,111,213,23,130,1,170,157,49,22,216,142,73,39,11,157,2,64,36,188,26,105,170,142,242,204,181,239,24,220,186,245,239,51,223,185,17,84,38,252,171,106,187,151,10,167,63,185,133,48,69,206,184,229,246,194,39,168,239,228,238,163,184,176,52,148,191,197,209,167,235,44,213,8,107,70,111,133,72,31,43,128,231,110,6,176,56,57,125,118,153,51,69,127,139,93,246,119,12,155,175,233,40,173,47,219,93,65,26,237,196,109,43,79,71,139,215,195,203,129,122,182,196,40,244,196,3,153,15,84,20,237,171,55,236,199,228,194,94,9,249,96,58,225,3,148,205,33,46,69,142,219,146,0,120,44,153,194,150,24,195,155,231,68,139,74,37,97,131,184,48,180,116,229,163,140,149,62,224,215,78,216,246,153,247,179,82,48,42,127,53,127,200,232,157,36,229,166,46,104,2,82,40,45,55,187,144,43,89,18,12,161,61,147,18,185,164,53,168,69,18,155,128,29,31,208,34,102,113,161,65,176,59,53,45,249,238,17,9,241,150,212,202,63,166,222,71,33,89,68,252,159,35,200,39,88,44,91,249,35,25,1,214,223,29,151,216,122,248,214,173,33,252,110,255,242,66,220,5,175,237,132,131,25,182,129,0,203,157,183,149,148,168,189,143,147,85,162,171,25,182,73,66,90,157,33,177,226,13,139,182,27,39,168,239,228,238,163,184,176,52,227,57,198,208,59,106,242,32,65,159,202,184,251,31,224,42,150,231,75,78,102,56,57,125,118,124,139,86,209,242,238,169,129,180,170,242,233,158,77,116,219,77,65,59,14,196,77,139,229,141,6,110,156,144,187,17,21,185,90,58,196,228,207,169,97,118,226,123,76,166,169,229,131,49,128,169,96,58,199,135,214,140,226,107,204,20,20,102,138,120,183,184,224,199,76,190,174,123,49,158,79,14,3,60,138,236,143,231,111,91,233,255,2,112,80,162,84,85,245,13,223,248,49,124,9,99,127,19,170,248,119,40,230,17,122,126,110,60,210,18,182,87,241,111,126,4,20,128,235,49,61,26,115,228,30,35,115,252,74,82,247,121,131,21,3,46,22,139,16,82,3,46,102,24,241,34,212,96,185,142,179,92,102,202,9,45,57,234,204,81,235,64,106,115,234,236,193,123,157,49,22,104,54,25,102,246,51,252,151,230,85,247,174,148,60,235,13,35,165,62,129,95,181,48,212,145,185,104,53,176,216,139,114,189,108,203,172,66,127,157,203,61,209,123,66,240,117,91,188,239,152,238,35,39,108,0,198,242,68,15,38,119,192,228,8,252,167,182,162,57,140,246,86,166,27,78,102,56,57,125,118,124,139,86,209,247,223,213,211,234,204,239,140,179,180,36,219,77,65,8,143,41,80,229,71,223,56,31,31,22,61,90,177,253,59,116,119,102,64,12,68,118,226,123,76,236,230,228,5,11,157,46,49,166,28,159,78,47,185,246,126,177,113,239,138,228,171,157,244,181,60,141,131,113,241,251,255,10,3,25,207,227,7,109,189,217,104,127,177,94,215,12,61,71,8,130,64,82,49,64,161,15,55,120,180,132,33,26,12,169,213,196,74,65,71,55,187,144,43,89,18,38,161,236,215,155,80,183,53,243,142,185,102,150,79,82,92,209,233,10,39,17,42,62,249,178,56,218,13,227,206,29,64,123,121,207,85,91,95,109,123,15,249,66,137,31,137,69,59,27,29,111,233,106,94,49,72,219,124,224,174,246,179,252,182,120,199,179,152,153,175,230,204,107,183,67,251,157,181,48,69,236,162,112,84,43,98,108,158,63,108,72,195,146,162,233,35,122,209,43,83,22,62,54,138,75,36,33,205,7,138,98,240,191,12,98,94,26,150,159,159,204,150,67,59,71,200,136,133,5,160,71,181,56,18,125,147,190,41,57,55,205,38,246,6,140,180,145,77,251,104,71,219,93,65,212,135,5,98,213,237,12,10,158,156,8,33,217,238,100,185,114,184,26,80,234,14,153,93,111,63,27,194,82,90,140,221,18,117,100,102,144,218,140,151,77,235,78,20,102,138,64,29,44,196,230,97,185,216,168,145,251,59,79,217,1,231,215,58,153,189,121,153,211,229,58,70,30,242,218,225,38,223,123,167,201,100,157,16,194,180,132,33,26,164,46,133,4,252,255,151,53,85,59,222,229,175,13,104,144,131,16,185,109,115,113,142,128,145,252,74,82,247,121,20,10,39,17,160,121,249,89,193,86,208,225,63,98,17,124,190,207,229,71,238,109,149,249,199,203,200,190,235,170,89,115,130,145,61,8,215,56,22,216,106,86,202,159,200,215,64,11,93,161,185,246,60,96,7,33,0,182,178,20,245,239,51,223,185,17,251,7,235,2,133,47,209,133,220,224,190,135,71,151,209,54,131,177,117,84,29,211,228,179,203,221,35,52,18,209,123,21,184,26,150,159,8,82,247,203,60,88,110,243,235,10,163,241,101,144,227,46,118,105,183,120,226,193,49,189,216,249,96,38,238,240,89,248,118,150,50,99,114,5,98,213,238,253,129,233,44,203,33,42,160,77,9,78,43,130,89,155,22,118,239,113,134,27,168,80,82,7,247,163,237,253,15,3,94,72,151,77,235,78,20,102,138,120,162,241,216,163,222,18,142,255,231,174,50,16,223,50,238,87,138,85,65,56,106,78,53,160,74,107,91,85,28,122,223,248,49,212,161,162,16,194,127,185,167,11,68,233,104,120,117,151,173,227,112,186,203,188,41,142,52,144,11,88,197,56,194,157,90,132,100,28,79,82,110,199,248,96,128,17,42,139,192,215,188,238,2,32,20,154,90,235,232,56,43,125,25,147,97,48,174,147,184,190,62,69,48,17,218,231,87,123,157,49,22,216,106,86,214,24,15,91,247,74,155,177,241,195,159,63,224,162,183,37,9,208,75,87,149,236,138,17,101,38,210,186,127,157,211,9,172,66,127,157,203,83,77,151,222,78,100,2,137,115,244,179,227,130,82,119,56,191,253,46,134,26,192,228,243,85,70,182,126,71,61,42,86,255,239,241,33,69,227,125,68,124,249,130,118,244,134,232,36,218,96,38,211,63,91,239,246,160,212,0,114,5,98,213,238,236,129,17,60,196,75,205,61,29,178,67,214,228,186,45,42,118,45,95,16,152,65,228,210,149,97,163,204,114,107,178,46,104,65,28,69,62,30,59,0,69,172,209,130,47,180,196,142,168,57,251,255,10,3,143,148,251,94,53,123,56,167,142,74,83,226,162,216,232,94,9,88,165,49,235,100,162,12,97,180,27,124,81,162,46,213,40,117,60,173,153,103,146,234,240,51,156,52,144,233,13,228,217,208,87,225,19,99,183,100,184,85,46,115,10,16,17,41,171,29,215,188,238,2,78,241,150,212,240,106,67,232,71,238,109,43,88,174,105,115,127,93,173,106,115,234,236,193,123,157,49,22,33,84,55,205,120,27,220,92,11,51,217,47,5,143,245,155,107,233,46,128,35,252,162,178,238,83,17,53,91,252,187,169,241,206,203,172,66,127,157,203,83,77,59,223,237,205,143,142,239,197,54,81,147,32,4,163,239,19,240,25,16,69,236,134,100,226,165,59,194,234,241,86,231,110,6,176,56,57,125,19,230,154,87,153,2,126,162,36,176,175,73,192,240,173,47,219,93,65,212,135,5,98,116,149,71,139,158,35,144,212,195,67,30,200,53,199,87,101,152,42,118,138,140,202,102,204,138,70,219,100,183,116,177,31,3,19,70,162,22,67,119,250,101,173,0,242,52,107,163,210,225,230,168,179,43,255,10,3,25,207,227,7,53,183,183,217,127,53,19,217,66,126,4,205,160,102,108,223,197,201,44,55,194,6,18,234,65,166,46,219,49,117,38,84,55,97,208,43,89,18,4,166,63,16,66,83,169,194,113,90,233,69,64,74,153,247,122,81,243,248,235,121,244,249,198,186,44,200,200,127,98,82,52,16,65,124,71,34,180,104,249,199,203,200,190,235,69,111,115,234,110,231,110,193,199,167,148,94,21,24,68,200,205,5,119,113,110,12,52,60,193,186,131,37,182,178,83,90,48,51,223,185,17,84,38,252,191,212,100,111,203,236,66,209,175,0,112,78,43,19,26,63,10,151,239,228,238,163,184,176,52,90,167,247,174,111,110,245,50,218,188,166,182,10,71,246,85,84,170,222,65,63,130,72,46,217,124,139,86,209,244,134,232,36,92,125,49,247,251,62,47,18,241,39,209,221,66,73,85,232,144,84,66,82,42,1,34,16,77,187,19,41,213,101,155,68,118,226,123,76,236,232,153,70,114,245,87,155,61,31,146,153,133,142,56,125,78,20,102,138,120,171,153,130,57,3,192,45,98,126,66,249,120,111,1,238,233,68,53,123,56,158,149,45,83,5,17,61,236,99,245,224,82,120,124,13,58,150,31,87,95,110,33,200,89,76,78,117,60,173,153,103,144,43,89,40,118,244,221,153,79,247,28,148,87,90,185,62,27,74,159,85,90,120,245,40,54,238,247,209,70,122,118,4,44,206,98,80,182,242,70,85,114,95,84,121,50,159,203,153,81,235,89,107,218,82,168,87,170,157,49,22,216,186,30,202,147,208,252,119,132,54,110,101,192,175,182,228,205,3,188,129,9,156,28,150,223,58,168,151,230,76,24,248,129,132,244,208,241,18,215,48,7,196,26,43,240,226,91,205,239,103,183,148,220,36,52,90,138,15,46,94,26,150,224,21,85,174,182,126,71,236,198,153,24,110,86,176,92,146,125,70,110,225,87,225,2,223,184,187,2,170,175,239,159,106,12,176,181,76,18,94,5,73,139,238,151,63,203,197,144,32,242,21,236,143,114,197,225,142,155,68,118,226,123,76,236,230,208,223,149,187,18,116,177,240,251,91,140,219,77,211,133,20,108,127,79,138,57,49,199,189,58,45,32,124,169,42,108,6,83,97,139,5,75,28,121,63,150,190,112,217,107,74,4,133,13,232,64,186,58,9,225,33,31,180,157,248,33,148,58,213,40,117,60,173,153,103,144,203,61,69,106,166,54,16,17,166,65,53,12,224,229,62,99,74,82,247,184,148,8,132,17,151,139,115,227,188,92,93,151,206,47,222,144,144,143,78,91,217,250,220,57,121,147,76,62,206,69,199,218,234,254,5,162,215,56,22,216,106,86,102,216,91,233,45,81,107,217,101,38,249,90,181,35,229,67,254,179,149,56,77,168,111,56,224,91,252,71,114,189,108,203,172,66,127,157,203,164,93,124,43,177,203,143,107,108,131,104,240,7,138,45,119,144,128,140,94,164,206,198,69,43,70,200,106,71,152,106,38,52,150,6,176,56,57,125,118,124,139,17,155,157,70,143,194,234,51,38,176,251,166,144,204,206,191,53,199,6,73,54,132,90,144,46,31,14,61,104,57,30,40,251,206,102,64,12,68,118,226,123,76,236,230,228,5,11,157,46,49,166,28,159,78,47,234,46,170,109,64,159,238,21,138,27,18,236,222,18,142,212,112,43,255,10,3,25,207,227,7,53,88,98,137,20,53,19,217,180,61,136,221,38,107,248,49,212,161,162,16,194,180,1,36,178,68,166,104,253,45,65,110,153,38,144,177,60,133,124,15,188,172,206,240,220,115,12,47,18,62,128,74,83,130,124,152,10,16,17,201,248,40,80,97,97,93,227,206,227,103,102,242,255,37,123,51,134,236,254,217,154,75,150,235,69,111,115,234,236,193,123,82,182,173,11,104,190,69,43,179,191,182,148,100,66,220,5,175,237,132,131,25,182,129,185,252,219,218,241,103,56,30,131,68,167,212,127,111,203,236,66,207,216,218,112,78,251,43,123,205,104,183,232,131,12,143,147,213,179,190,242,166,15,199,42,193,5,8,85,70,182,126,71,61,42,159,115,128,59,182,201,36,27,133,190,180,57,209,28,134,40,60,180,131,104,159,73,212,36,62,173,39,115,231,37,80,241,206,153,95,173,60,11,242,255,21,253,40,53,182,140,101,42,151,45,232,223,190,152,230,228,210,149,9,249,96,58,225,3,139,205,184,77,139,78,224,126,179,150,134,228,21,163,138,195,85,68,147,85,4,13,166,47,207,10,80,53,229,56,233,230,53,112,217,209,56,83,6,13,51,248,233,223,69,58,143,67,216,244,143,229,97,13,243,140,153,29,223,19,143,169,43,188,142,115,16,60,16,66,185,220,115,12,47,18,176,161,220,170,128,135,220,228,39,13,42,100,6,126,186,177,59,227,217,231,44,23,222,166,91,189,224,251,121,100,205,192,75,190,207,36,233,163,4,233,193,123,157,49,22,216,106,86,133,147,218,53,138,11,199,116,189,178,143,245,155,107,233,46,129,242,156,35,150,63,217,166,148,91,106,171,158,189,108,203,172,66,127,111,0,209,27,151,49,177,125,152,124,181,183,139,254,230,176,52,90,138,15,46,94,26,48,18,106,88,22,165,59,228,163,208,86,152,110,254,138,86,200,21,222,57,208,57,165,99,253,108,53,80,87,138,77,119,89,47,219,93,65,212,135,5,48,229,246,225,6,27,156,109,215,142,119,33,115,34,195,3,250,76,200,150,50,113,12,68,169,239,48,179,100,18,116,177,31,3,153,140,151,236,233,17,183,15,127,169,138,153,52,45,239,219,230,9,57,251,255,10,3,25,207,227,20,167,240,232,63,25,125,120,17,219,52,4,149,222,82,248,170,212,50,4,247,194,180,132,33,26,164,46,213,214,139,29,49,220,160,250,75,126,56,148,161,132,132,79,185,109,115,219,14,29,65,200,79,253,247,121,20,10,39,17,42,139,117,255,129,98,13,248,241,34,212,250,222,93,222,71,15,109,223,249,159,38,241,238,241,154,106,115,234,236,193,110,154,172,120,228,244,154,95,32,134,71,182,16,242,149,101,5,175,237,56,121,240,147,48,161,21,109,178,168,58,40,63,38,199,186,144,123,254,125,188,66,5,215,33,1,18,141,131,177,94,240,151,239,228,238,163,139,227,179,89,20,13,209,217,95,55,131,7,159,218,170,153,228,156,189,55,10,67,125,18,117,216,94,70,145,114,242,55,109,68,232,36,21,175,38,122,251,89,36,25,171,76,115,102,9,80,85,229,96,113,190,114,100,33,162,21,87,124,76,145,87,209,155,102,5,138,2,221,25,178,229,244,75,77,90,130,77,107,234,58,223,254,56,235,235,39,169,78,120,62,141,7,229,216,58,62,120,57,235,255,205,116,141,243,123,70,132,109,6,120,255,2,112,43,169,91,75,234,68,102,247,137,212,145,44,79,104,180,162,124,241,164,46,213,40,153,31,71,55,187,144,43,89,18,111,105,98,30,110,199,90,194,157,27,185,179,186,89,129,249,226,142,228,30,6,232,52,195,102,129,227,224,225,54,60,44,121,252,166,222,71,15,109,121,50,159,128,221,62,157,43,88,118,37,25,107,123,207,225,202,31,106,38,214,221,163,105,64,81,225,217,192,212,192,191,242,175,170,119,52,37,175,42,93,165,111,60,191,171,179,139,158,236,163,201,188,66,172,135,160,131,27,129,223,237,226,237,168,207,23,179,205,221,32,179,152,233,109,119,110,26,57,37,68,43,70,200,211,6,234,42,22,204,91,32,176,244,232,76,118,124,139,86,75,137,31,136,65,21,175,38,122,161,82,239,118,51,139,129,94,233,65,171,232,225,129,31,135,139,54,42,160,42,78,252,196,79,115,128,49,150,143,111,60,102,43,90,198,133,199,169,218,224,31,3,153,140,151,77,235,78,1,104,91,106,22,141,107,0,61,129,155,252,68,103,149,150,136,239,75,252,165,53,28,191,63,67,145,177,175,180,61,85,245,13,223,248,49,15,13,124,240,120,170,248,196,241,162,13,129,120,252,29,67,211,109,144,161,61,56,25,108,236,54,189,240,220,115,12,47,26,233,200,212,177,149,135,249,216,24,159,70,139,192,215,188,126,93,75,20,13,212,180,189,121,232,48,41,134,236,50,147,203,194,230,51,69,111,115,234,68,96,173,157,236,151,216,54,23,214,205,134,252,176,94,15,161,12,6,233,230,97,213,234,37,62,218,43,57,7,223,185,17,84,38,252,171,158,214,147,203,71,119,145,245,86,168,2,195,66,240,194,143,65,251,168,54,163,123,108,226,190,191,198,15,64,240,17,162,197,49,247,38,169,31,136,42,98,231,15,187,176,207,57,213,70,124,118,242,89,3,134,232,36,21,180,49,0,119,89,47,219,93,208,45,94,141,197,92,232,253,97,190,238,196,60,106,21,47,40,170,110,212,65,61,177,28,93,115,43,110,222,90,10,190,124,57,255,177,86,231,151,73,229,129,89,254,242,64,180,200,171,177,100,82,3,233,228,153,133,229,255,10,220,142,178,227,7,30,32,124,185,230,73,111,215,168,48,232,254,222,46,181,163,110,161,162,16,194,210,157,171,189,115,17,122,126,15,216,36,211,186,170,183,60,40,118,244,221,16,158,185,65,65,33,90,44,82,64,20,209,41,197,168,5,36,54,94,238,69,117,113,238,2,78,241,13,198,123,185,121,222,151,41,52,38,252,51,203,196,190,216,170,106,115,234,236,193,195,154,172,22,116,59,86,73,32,179,160,5,81,85,192,152,112,145,194,223,207,239,11,217,161,75,87,49,130,185,9,231,44,252,171,158,189,108,203,172,66,241,171,234,164,173,249,219,240,62,196,65,115,131,54,47,183,108,220,89,1,247,210,46,95,39,27,206,85,61,182,9,151,96,43,128,231,110,6,176,69,216,103,217,124,139,86,209,139,224,213,6,77,175,112,160,213,89,5,219,117,145,212,135,5,98,30,160,243,6,7,156,81,215,195,169,218,124,58,173,208,143,66,198,54,142,93,16,236,19,138,210,155,199,197,116,101,31,14,78,205,151,122,235,162,20,101,97,58,209,153,130,45,222,172,45,153,147,106,202,108,58,96,138,155,94,120,76,183,105,149,198,246,185,219,64,136,234,102,223,64,187,58,151,53,7,31,71,71,62,47,68,47,108,40,117,60,173,135,85,206,234,102,18,118,104,63,25,66,199,69,109,201,50,91,41,205,154,82,110,121,249,216,83,65,232,24,92,80,193,205,2,78,241,150,197,208,185,165,95,234,41,172,196,15,217,101,166,126,174,244,252,221,51,187,90,123,200,49,226,11,244,190,13,78,157,1,92,11,124,110,155,23,195,251,251,100,120,74,104,239,140,188,51,4,228,60,203,49,11,120,162,197,190,14,195,24,54,183,244,223,134,151,43,238,166,115,60,0,161,238,163,184,176,103,190,203,19,65,140,106,44,81,21,188,51,160,125,57,204,43,254,186,110,73,176,154,200,155,70,223,253,242,159,99,88,179,244,209,79,247,23,74,91,116,26,225,170,45,165,141,77,139,79,49,6,139,156,236,1,106,127,33,185,48,46,208,131,70,68,24,248,236,158,165,93,95,210,125,97,215,218,224,80,3,153,140,151,163,153,78,33,5,127,69,111,175,224,163,61,196,219,101,57,97,255,157,79,53,239,255,7,53,229,56,233,230,53,112,14,78,226,33,105,13,64,248,170,212,99,99,122,218,11,93,8,22,81,107,166,113,110,60,171,225,103,144,43,89,18,4,166,63,16,66,185,220,123,113,66,185,62,27,74,146,215,135,120,54,85,109,217,43,46,2,249,238,45,136,241,28,172,202,249,6,23,254,154,109,121,50,159,203,200,190,235,69,111,115,234,110,231,110,193,199,167,148,94,21,24,120,27,220,92,11,51,217,47,5,143,67,17,136,236,115,206,89,156,48,51,223,185,17,84,38,252,171,158,189,175,1,136,82,6,171,220,131,251,192,194,231,216,156,232,239,152,238,253,231,36,52,90,138,15,46,94,26,150,178,166,85,6,149,169,228,224,237,38,34,110,6,176,56,57,125,118,124,51,191,225,137,42,246,187,250,96,38,238,221,60,71,219,93,65,212,135,5,98,213,23,225,82,66,81,196,61,74,177,253,122,116,57,64,185,139,42,118,45,4,76,165,138,197,240,94,97,18,116,177,31,3,153,140,12,166,83,194,127,153,44,150,104,184,33,225,206,190,33,149,112,251,225,37,3,25,207,227,7,53,229,56,233,230,53,112,18,130,133,232,234,102,223,158,197,31,99,59,72,31,170,127,195,19,166,46,219,49,117,158,1,153,22,106,125,177,244,4,166,63,16,66,185,220,115,12,47,18,62,112,183,2,52,42,168,21,198,17,209,139,67,246,242,62,129,15,215,47,198,96,97,146,203,151,217,97,118,100,55,203,114,1,91,173,106,115,234,236,193,123,157,49,22,216,106,86,214,24,15,91,247,74,155,177,241,195,159,63,224,162,183,37,9,208,75,87,149,236,138,17,101,38,100,139,114,189,108,203,172,66,127,157,203,83,77,151,134,111,63,129,65,239,152,238,148,162,76,196,199,215,81,98,94,26,150,159,8,85,70,182,126,71,61,42,159,115,128,59,105,144,242,154,225,229,139,181,209,8,146,46,13,249,205,122,77,119,89,47,219,93,65,212,135,5,98,213,238,96,188,66,60,14,33,125,21,43,9,218,186,188,26,234,227,150,55,46,202,252,55,81,88,129,40,229,141,245,80,3,153,140,151,77,235,78,20,102,138,120,171,105,100,31,216,80,155,59,68,251,235,10,87,7,63,255,7,53,229,56,233,230,53,112,200,71,74,232,52,122,223,248,49,212,161,162,16,194,136,53,243,33,250,87,196,86,97,29,139,105,28,179,183,87,126,4,170,60,16,66,185,220,115,12,47,18,62,128,74,82,48,135,200,20,39,13,42,100,6,126,186,177,59,227,217,231,44,23,222,166,185,254,15,180,246,50,6,16,161,81,51,69,111,115,234,236,193,123,157,49,22,216,106,150,149,217,163,226,176,109,162,217,47,5,209,135,233,201,110,2,230,86,208,64,223,160,60,200,165,230,138,50,6,189,40,168,162,14,75,157,203,83,77,151,134,177,226,143,168,239,228,248,233,176,39,218,148,57,220,139,64,131,39,231,12,82,229,67,169,31,156,136,239,231,224,6,103,80,136,125,118,124,139,86,209,244,134,232,36,21,175,85,249,123,82,47,245,93,29,151,81,146,53,112,154,28,103,12,150,214,37,79,247,37,151,223,161,210,86,217,103,193,58,186,135,242,251,141,143,14,94,120,238,190,34,52,54,123,151,80,233,9,151,95,17,184,127,208,130,207,238,70,2,122,6,224,224,214,26,34,232,154,63,31,182,25,5,128,2,191,217,107,74,246,234,13,223,248,49,212,161,162,134,218,66,157,114,138,204,176,122,187,117,151,173,203,165,180,117,199,40,194,213,63,16,66,185,220,115,12,47,18,62,128,74,83,130,124,152,10,16,17,201,248,40,80,97,97,93,227,206,227,103,102,242,255,37,123,4,136,48,37,55,107,200,190,235,69,111,115,234,236,193,123,157,49,200,228,86,23,9,205,110,31,182,147,107,188,174,113,14,237,132,131,25,182,129,218,156,119,157,223,111,118,45,38,252,171,158,189,108,203,172,166,145,224,48,252,2,81,19,35,250,107,137,57,36,238,82,184,202,200,158,204,26,46,218,25,214,126,139,12,2,244,74,125,61,67,236,34,110,6,176,56,57,125,118,124,98,57,63,25,254,98,65,21,175,38,122,73,180,229,88,122,65,212,135,5,93,229,71,96,227,110,40,144,250,17,21,64,245,244,16,188,178,37,227,177,175,111,59,176,194,153,1,49,246,239,116,33,241,89,153,47,200,216,235,78,20,102,138,120,171,153,107,139,97,20,228,159,49,158,79,152,114,141,25,187,94,153,109,232,25,148,211,82,217,130,160,15,234,13,223,248,223,73,213,157,16,194,180,132,167,189,81,89,129,140,56,88,45,18,243,179,201,33,18,170,166,10,52,79,158,28,78,185,58,146,208,19,212,13,243,60,209,27,114,174,42,229,159,206,126,190,29,176,176,39,253,202,82,190,222,93,218,37,28,206,87,185,11,241,249,130,64,5,150,38,193,5,107,199,18,61,177,73,245,75,42,71,182,217,5,161,103,245,107,168,181,147,116,63,254,35,43,239,7,215,116,101,101,195,129,56,154,63,98,141,236,66,199,111,107,91,101,62,134,210,203,237,142,171,152,137,82,105,130,131,185,57,209,206,92,26,187,176,12,194,247,184,60,85,61,49,162,171,238,59,58,154,36,155,121,35,129,86,209,244,134,185,129,26,159,78,122,6,16,227,219,77,65,236,114,5,98,213,238,96,6,110,156,203,210,194,55,253,40,53,199,87,101,155,22,118,126,15,139,57,112,228,42,134,95,6,83,6,86,231,88,73,104,58,89,254,242,64,180,147,77,174,179,207,178,24,2,122,114,224,224,97,26,34,193,244,165,186,229,56,233,230,53,112,217,107,238,33,105,121,72,244,68,91,161,162,16,212,180,93,200,73,25,150,213,103,21,86,135,128,231,134,134,164,247,94,219,153,176,201,179,103,97,68,68,64,196,216,164,1,21,237,229,96,128,17,42,139,192,215,188,238,2,75,54,60,177,21,121,165,78,125,203,109,247,50,116,26,16,174,133,69,126,76,255,9,99,77,17,24,238,91,110,108,212,87,139,194,46,225,24,186,150,149,174,172,54,166,151,15,60,87,59,163,175,177,252,213,162,120,85,135,228,40,173,238,167,12,57,31,203,83,77,151,195,33,226,143,168,239,205,45,233,42,164,103,189,203,197,15,92,47,48,18,106,88,70,34,126,138,226,163,228,37,67,244,118,154,165,188,120,15,96,86,155,182,134,55,6,237,79,112,140,195,180,212,230,178,95,115,171,186,77,85,133,141,3,163,14,8,212,125,36,47,58,55,48,73,209,155,107,58,28,39,70,151,89,53,199,149,31,72,17,101,142,146,157,58,208,67,125,182,163,76,238,69,171,247,202,55,241,195,155,15,247,251,17,67,196,220,67,240,239,186,229,56,233,230,74,111,217,65,61,149,226,14,23,252,223,218,161,99,132,144,180,250,36,25,214,176,179,37,153,29,108,216,85,60,222,61,199,9,166,221,73,155,149,220,208,157,90,184,208,64,74,215,19,21,125,21,3,148,217,247,115,82,47,118,102,127,162,57,212,21,128,190,109,71,15,109,121,254,19,203,70,38,118,69,107,253,82,236,6,252,36,225,40,228,60,50,149,145,214,31,52,81,15,127,226,5,137,59,106,175,207,20,151,213,208,157,183,72,58,154,89,156,68,253,212,196,111,203,208,114,6,216,203,174,173,249,179,35,227,143,82,65,99,126,1,130,100,103,163,10,187,15,111,47,31,118,12,179,39,149,9,71,110,189,160,34,110,6,176,56,207,66,118,219,118,30,188,163,127,248,119,89,175,254,160,158,89,61,203,128,166,59,231,243,77,185,206,236,129,31,60,196,30,106,21,55,170,226,195,87,80,128,184,142,197,171,76,116,151,131,234,133,157,46,237,72,230,14,204,56,184,22,57,104,20,101,97,58,209,153,130,45,222,144,44,252,195,158,23,10,111,141,25,255,94,132,32,205,41,195,197,46,175,168,74,19,90,73,23,64,120,32,13,162,132,15,133,96,171,246,1,55,166,48,216,88,213,123,220,250,125,98,18,4,166,63,116,71,59,116,52,12,69,18,155,128,93,31,25,50,90,216,39,46,90,172,192,150,68,227,124,127,206,227,148,188,242,77,109,71,15,109,121,254,19,203,109,129,93,69,47,115,37,225,1,237,157,172,18,11,94,238,13,246,182,179,182,132,162,218,220,5,175,237,132,155,88,123,43,171,156,61,218,3,148,200,63,38,98,168,171,69,108,141,172,82,252,224,48,183,196,129,135,192,205,156,82,211,228,37,87,176,205,226,228,202,68,129,184,26,150,159,8,2,119,182,9,254,158,43,152,97,67,59,120,217,232,125,197,159,139,40,63,224,145,185,119,85,175,121,233,251,82,171,93,171,118,189,215,191,233,157,238,145,9,110,201,14,1,211,196,3,214,53,110,60,230,61,68,45,142,93,60,70,247,228,220,145,97,251,143,155,80,3,153,140,151,118,118,192,30,115,138,151,151,184,130,95,222,79,220,9,57,251,255,10,114,223,165,227,140,12,229,217,105,81,53,120,45,107,56,32,221,252,99,175,176,251,82,159,109,104,180,77,143,241,164,46,213,40,117,60,173,153,221,49,128,186,203,4,161,63,25,66,250,111,77,12,47,18,62,128,74,82,247,197,220,192,39,31,255,139,250,215,242,118,2,225,210,225,222,187,229,143,37,91,9,115,196,79,159,119,48,190,9,17,9,206,234,134,193,173,154,233,216,172,221,86,102,216,91,233,182,81,107,217,101,5,175,237,233,207,25,24,128,197,208,251,242,166,185,75,197,219,252,168,132,214,111,123,71,66,145,81,0,246,89,151,134,177,226,143,168,239,228,238,163,184,176,33,228,230,113,165,112,250,69,159,111,85,235,251,126,176,61,141,128,231,110,6,176,56,57,125,118,124,139,86,209,244,134,232,36,12,159,214,249,251,89,47,219,93,65,212,135,134,98,229,206,12,95,158,187,100,169,195,21,253,40,53,199,87,101,155,68,118,226,123,76,236,230,229,156,7,73,197,0,177,31,3,153,140,151,67,235,177,141,223,238,21,248,184,237,45,225,144,142,149,186,218,249,217,166,47,11,227,7,53,229,56,233,230,53,112,217,107,74,246,234,13,223,212,178,232,109,129,145,126,180,132,33,26,164,102,213,115,121,252,205,105,79,179,161,88,126,250,166,63,16,66,185,220,115,12,47,18,62,128,74,82,247,121,152,100,127,12,217,247,192,215,188,238,2,78,111,150,198,71,242,77,50,225,217,97,246,236,159,203,200,190,235,69,111,115,234,236,193,123,157,49,22,216,77,17,245,149,151,49,182,81,107,217,101,5,182,237,7,175,224,20,183,205,252,71,157,186,185,17,84,38,252,171,158,189,108,203,172,66,127,157,203,83,223,38,43,15,205,156,26,98,131,104,206,184,130,52,163,242,209,210,59,251,69,18,232,234,105,199,125,71,95,40,86,196,163,38,249,154,207,141,79,64,126,86,194,244,253,158,255,54,239,202,244,251,89,47,219,93,65,212,135,5,98,213,238,96,6,110,156,251,129,211,218,44,40,53,199,87,101,155,68,134,226,115,93,89,169,131,206,213,221,183,116,177,31,3,153,140,151,77,235,78,20,102,115,17,171,153,130,45,222,196,142,168,68,159,79,37,3,25,207,227,94,132,32,205,233,230,53,112,48,219,48,219,254,73,223,6,6,218,121,129,132,144,70,208,50,138,230,17,158,40,125,109,161,216,186,186,242,227,18,231,108,236,99,155,241,28,201,192,227,190,41,19,220,7,247,190,90,244,197,46,127,238,245,39,188,238,2,78,130,249,212,187,106,117,229,234,249,134,121,35,152,234,109,150,235,69,111,115,234,236,193,123,110,180,18,41,77,86,251,246,134,31,113,222,54,210,88,6,14,237,132,131,25,182,129,218,156,71,37,3,109,207,197,44,252,171,158,189,164,138,72,99,127,157,203,83,91,5,234,15,67,143,137,57,228,137,163,49,25,131,90,138,15,46,199,16,39,159,202,43,70,184,9,71,200,189,86,50,80,107,246,201,55,224,98,79,118,14,188,109,134,66,129,21,180,88,215,179,82,205,148,160,189,195,34,77,98,250,238,225,82,2,31,144,77,67,123,123,40,53,199,87,59,234,204,118,138,123,156,236,38,12,86,128,220,197,237,115,61,144,153,133,235,77,104,162,20,116,108,17,171,153,130,45,222,196,142,168,12,223,42,236,8,25,148,187,7,24,229,93,63,81,85,224,70,180,121,69,8,239,107,248,49,212,161,162,16,194,180,103,189,26,148,176,155,40,153,113,238,162,186,185,137,126,171,134,228,243,16,169,143,176,70,10,47,18,62,128,74,82,247,121,20,10,39,17,232,202,204,139,193,203,95,227,127,98,144,208,149,62,232,48,186,82,246,50,61,161,200,126,93,154,106,115,234,236,193,123,157,49,22,216,106,86,214,43,0,154,176,99,246,34,115,227,4,214,196,131,37,182,217,86,84,87,7,223,185,17,84,38,252,171,158,47,209,127,88,66,127,157,203,168,218,162,13,177,226,143,168,22,147,179,179,130,176,82,82,230,247,172,217,26,92,159,216,19,33,206,102,90,8,244,143,231,49,71,176,154,165,167,194,230,183,37,75,119,224,134,119,56,223,149,249,6,8,67,219,171,130,241,114,233,235,126,162,141,136,66,33,226,54,195,40,232,9,10,110,103,186,61,68,20,90,187,63,248,168,229,156,128,12,183,116,177,31,3,238,195,118,166,126,78,163,180,78,120,229,52,18,50,3,195,142,101,57,218,42,236,8,131,236,34,84,132,81,191,62,2,144,155,105,227,74,246,234,13,223,248,49,212,69,236,16,125,67,195,36,40,179,17,232,28,117,151,43,153,175,6,75,159,101,78,56,18,16,169,143,176,70,10,47,18,62,128,74,82,247,121,20,10,39,17,22,121,157,178,225,238,164,78,111,150,197,208,232,62,85,225,72,177,43,65,82,21,99,9,42,173,111,227,98,254,176,170,157,49,22,216,106,86,214,246,179,252,182,81,155,210,155,210,145,242,132,222,68,162,9,69,252,71,204,172,163,185,238,231,67,254,2,71,164,93,227,82,6,11,160,83,20,43,57,177,181,173,205,75,99,12,87,252,164,26,114,128,25,95,110,26,219,27,8,204,218,182,169,152,118,252,128,231,110,6,176,56,57,125,118,230,208,152,118,244,134,232,36,21,175,38,122,188,77,36,159,173,130,212,14,37,21,43,238,96,6,110,31,220,171,91,166,253,40,53,199,103,59,155,227,20,44,123,202,23,230,138,1,149,51,49,33,61,248,199,79,17,162,22,69,93,20,87,90,120,172,184,61,228,210,190,11,168,147,99,211,13,3,103,238,187,84,153,220,56,63,149,204,191,42,107,74,246,234,121,70,114,169,187,161,0,150,244,73,157,36,229,77,46,163,40,124,92,45,200,148,32,199,73,35,48,206,151,175,3,166,65,14,10,47,18,62,128,173,3,247,222,142,20,236,121,232,238,178,194,188,146,26,78,31,150,82,143,106,179,222,64,217,97,239,132,186,203,113,201,241,124,106,115,234,236,193,241,174,49,120,148,142,86,167,159,15,2,64,139,107,1,67,52,60,164,132,131,25,182,129,218,156,48,93,33,148,17,86,91,252,24,106,189,28,138,172,224,117,224,134,174,2,195,149,82,164,92,65,42,20,147,199,184,233,33,90,120,68,132,38,125,135,32,7,149,195,165,27,139,136,71,86,152,110,59,120,117,110,125,79,106,155,217,209,244,134,232,36,21,175,38,23,74,16,229,203,42,65,191,135,141,209,171,79,141,6,110,156,144,77,168,48,3,200,53,199,87,101,155,68,118,226,111,202,70,230,123,107,149,73,197,116,99,74,3,16,164,33,163,124,63,127,95,0,207,215,184,100,44,237,14,142,110,237,43,255,10,3,25,207,227,7,53,229,56,233,230,74,111,217,130,48,197,254,172,99,41,247,205,161,67,129,194,174,17,36,149,221,220,37,4,59,35,178,153,148,60,240,89,56,13,105,63,202,13,199,107,70,62,50,190,218,160,183,38,27,151,222,10,36,125,217,248,29,215,188,238,2,78,241,150,212,202,63,166,222,71,15,109,121,89,186,250,221,201,143,44,162,27,245,118,145,132,119,68,22,166,106,23,245,1,151,233,182,81,107,217,101,5,175,237,132,131,25,182,129,218,156,48,218,33,58,75,198,61,240,222,248,3,108,141,172,146,67,175,35,248,108,5,179,237,47,143,48,239,179,166,163,184,176,52,90,138,15,46,94,26,150,159,8,85,70,182,67,130,61,29,155,78,214,241,33,56,225,98,79,106,139,152,232,137,175,62,249,21,180,49,0,119,89,47,219,93,65,212,135,5,98,213,238,96,6,110,156,144,79,106,182,55,77,170,57,186,75,128,175,28,82,226,145,252,230,246,210,190,124,57,255,177,86,237,63,73,229,134,89,254,89,64,170,253,177,153,23,45,24,27,142,229,147,169,23,236,82,53,11,227,7,53,229,56,233,230,53,112,217,107,74,246,234,13,223,175,247,232,151,73,99,45,42,1,36,178,68,46,163,40,32,131,239,100,214,144,182,81,206,67,169,152,252,41,47,35,68,6,63,243,216,219,203,8,32,121,229,10,85,40,42,191,70,227,129,95,246,127,241,227,80,202,117,166,115,251,15,238,121,15,205,203,166,126,174,244,227,189,109,49,221,3,132,82,167,228,36,23,102,69,148,160,119,132,242,149,101,5,175,237,132,131,25,182,129,218,156,48,51,223,185,17,51,2,63,203,248,136,151,133,160,146,81,178,189,7,198,192,2,41,226,111,237,236,199,199,163,49,176,77,152,84,19,65,112,235,245,135,244,85,61,182,153,57,246,41,217,73,110,152,148,57,57,125,118,124,139,86,209,244,134,232,36,21,175,38,122,251,82,96,57,94,106,241,143,191,175,224,37,197,56,247,12,144,92,142,7,29,142,43,196,79,85,169,97,118,226,123,76,236,230,228,210,149,97,18,116,177,31,3,153,140,151,77,235,104,122,101,0,70,134,44,77,225,216,193,207,46,49,228,211,134,39,25,196,215,77,12,229,47,233,68,181,62,28,145,168,212,209,138,16,248,170,212,83,108,130,34,90,152,96,26,12,47,108,40,117,60,173,153,103,144,43,89,18,4,166,63,16,66,185,176,70,152,103,77,62,128,74,82,247,121,20,10,39,17,42,139,53,98,56,205,2,78,241,150,212,202,63,166,179,125,25,84,121,50,159,203,113,201,241,124,106,115,234,236,193,241,174,49,85,114,230,26,102,32,157,226,50,94,188,217,47,192,175,182,233,173,239,162,48,208,22,208,51,3,131,185,197,44,252,171,158,189,108,203,172,66,18,233,246,16,173,195,149,82,164,92,65,42,20,147,254,184,227,5,228,191,12,98,94,26,150,159,182,49,6,38,243,71,61,42,86,231,110,6,176,251,110,21,5,230,156,242,75,105,221,143,119,140,30,202,122,237,16,12,57,171,50,99,135,5,98,213,79,71,139,215,156,144,33,195,48,55,99,170,110,186,215,122,117,118,75,123,99,176,166,72,86,190,100,18,116,177,31,159,190,47,203,167,170,104,51,52,168,137,209,153,130,45,222,144,44,69,195,57,107,157,83,53,133,220,27,116,32,137,13,179,181,177,25,227,143,19,90,73,23,64,120,32,13,162,31,15,215,248,36,231,68,66,151,34,153,154,131,225,103,144,43,89,203,13,132,151,116,66,182,220,111,12,95,185,6,50,150,209,30,205,20,10,39,17,6,244,192,98,47,92,2,246,241,57,153,21,128,93,222,71,15,109,121,50,159,203,70,252,34,214,162,212,37,130,6,123,200,49,34,191,36,172,167,224,15,91,247,77,214,217,241,141,159,33,97,162,68,87,108,186,245,237,51,162,111,60,189,7,68,177,158,189,108,203,195,215,245,31,203,83,77,151,2,78,211,229,232,239,243,14,254,184,252,103,90,156,15,87,157,251,207,50,251,200,167,182,47,1,178,101,8,170,27,85,176,56,57,125,98,192,139,242,155,213,134,20,225,21,125,219,122,195,91,36,219,162,166,212,183,29,77,85,162,96,6,110,156,144,33,195,21,185,142,116,173,3,153,237,159,221,226,74,76,184,178,81,228,159,85,54,96,114,89,85,153,230,145,45,6,104,30,108,124,226,134,137,110,45,41,190,45,68,133,159,218,10,3,25,207,139,62,233,29,56,233,230,53,58,28,162,121,5,165,142,64,64,49,64,161,27,109,120,180,132,33,26,77,89,115,140,108,88,36,163,255,144,247,89,123,12,216,81,98,44,240,220,115,12,47,184,99,253,150,13,63,42,13,161,24,159,70,139,192,215,188,218,200,78,121,243,80,13,128,241,179,151,201,135,144,252,159,128,176,62,118,69,30,17,139,71,148,44,174,101,120,69,142,190,149,216,239,42,182,17,103,45,179,195,68,235,69,234,240,239,254,41,150,57,149,131,111,202,51,170,240,253,227,69,63,201,172,241,176,214,46,83,173,43,57,33,226,143,168,239,131,90,163,28,195,105,138,239,196,15,80,42,180,18,33,82,51,191,125,71,41,96,55,5,110,207,20,185,242,132,121,192,110,242,182,213,70,20,60,56,239,38,123,148,21,41,50,185,76,201,183,1,77,187,23,65,71,158,152,139,129,67,7,3,90,244,181,130,115,17,117,227,131,123,167,102,19,95,210,49,199,43,178,177,31,3,153,248,78,77,175,63,141,219,97,233,127,19,194,18,222,195,30,32,247,251,80,217,101,131,25,240,58,209,220,254,113,148,197,177,60,191,143,246,234,13,223,248,49,212,161,27,109,67,132,248,225,22,179,176,122,252,44,92,161,168,220,206,75,187,116,150,87,61,52,202,199,28,21,55,47,19,6,70,220,13,63,42,13,161,39,13,42,254,195,178,225,126,73,44,162,86,38,66,63,135,84,114,33,97,153,35,217,152,0,237,235,244,189,6,120,233,193,123,157,49,18,61,177,137,214,43,134,2,45,81,107,217,101,112,198,237,13,234,208,195,220,210,22,57,158,72,185,60,203,105,68,171,189,196,90,214,249,64,227,139,71,26,27,129,223,237,31,240,151,239,228,238,163,184,176,52,90,233,1,240,106,125,209,50,218,82,39,170,153,228,156,189,55,10,67,125,18,117,216,94,70,145,114,242,55,109,68,232,36,21,175,38,122,251,89,47,219,93,65,124,183,33,233,185,137,225,78,46,156,8,33,212,40,218,187,178,63,186,43,120,187,183,226,123,76,236,230,228,210,149,97,18,116,177,112,199,197,122,73,166,69,22,64,208,136,17,171,153,130,45,222,196,142,168,57,251,255,10,196,83,20,76,70,52,198,183,113,114,33,168,42,107,74,246,234,13,223,248,49,212,161,162,16,3,161,248,111,33,230,89,99,72,219,40,223,55,187,144,43,89,18,4,166,63,16,155,149,126,14,10,47,18,62,128,89,241,159,209,20,20,198,207,70,238,253,89,113,205,224,44,127,86,80,170,254,77,234,125,43,177,239,65,180,128,52,129,118,163,221,224,234,236,193,123,52,140,226,39,65,82,92,205,100,174,184,56,29,250,220,5,175,237,132,174,88,28,220,161,98,109,85,172,238,185,191,228,106,203,248,3,248,9,88,146,185,178,111,177,2,210,19,117,227,186,228,196,99,17,107,214,205,179,114,199,61,46,94,26,150,98,36,2,99,38,126,34,226,29,142,78,23,107,246,154,98,50,91,124,155,191,209,77,127,179,226,77,237,219,249,195,170,212,30,8,65,26,237,196,254,241,246,49,73,215,195,158,110,229,10,55,245,244,4,89,85,169,97,45,142,171,55,27,84,82,240,94,100,163,204,99,74,149,195,248,236,22,235,219,20,107,182,80,226,178,244,251,41,185,169,238,85,51,107,67,196,69,216,98,7,130,184,205,113,81,181,223,45,109,174,33,8,73,144,248,167,103,113,4,16,55,180,67,115,214,221,46,163,40,27,78,67,200,161,185,216,159,148,231,7,34,86,77,166,65,21,84,79,18,210,195,74,44,150,121,99,228,215,63,121,86,16,194,242,118,25,211,206,183,182,21,66,4,37,8,173,251,121,61,186,45,9,65,139,233,8,116,180,60,246,241,255,182,42,11,54,30,13,20,203,40,52,138,157,149,193,0,192,242,97,35,229,113,1,95,156,112,25,168,185,59,53,167,252,184,167,174,108,195,249,165,6,157,175,40,93,249,66,78,227,248,168,51,28,202,52,93,235,249,132,241,97,246,37,68,27,15,252,224,141,217,138,66,153,140,85,231,168,232,1,56,93,125,156,145,242,105,63,194,44,152,227,89,175,225,103,238,236,32,1,104,217,125,86,139,222,82,27,117,34,1,3,215,29,139,27,80,113,57,189,178,58,211,115,149,173,71,114,90,130,7,250,219}
local _K1={147,184,70,237,160,123,180,85,123,177,121,226,57,77,169,43,147,121,66,154,81,218,46,38,244,113,22,238,85,141,228,117}
local _K2={20,135,158,179,224,158,104,185,160,208,156,66,36,38,137,241,51,44,144,13,217,107,14,80,105,166,194,99,47,234,182,43}
local SALT=23409
local R=5
local bxor=bit32.bxor
local band=bit32.band
local bor=bit32.bor
local rshift=bit32.rshift
local lshift=bit32.lshift
local n=#_D
local O={}
for i=1,n do
  local b=_D[i]
  local p=i-1
  local j=(p%32)+1
  b=_IS[b+1]
  b=bxor(b,band(SALT+p*7,255))
  b=_IS[b+1]
  b=band(bor(rshift(b,R),lshift(b,8-R)),255)
  b=band(b-_K2[j],255)
  b=bxor(_IS[b+1],_K1[j])
  O[i]=Yw(b)
end
local _RESULT=TF(O)
local f=AS(_RESULT)
if EO(f)~="function" then return end
f()


-- ===== chunk #1 - depth 1 - loadstring - 37764 bytes - utf8 =====
--[[
    ╔══════════════════════════════════════════╗
    ║      F3 Hub v10 — Blue Edition           ║
    ║      ภาษาไทย | Modern UI | Weapon Icons  ║
    ╚══════════════════════════════════════════╝
--]]

--========== SERVICES ==========
local Players           = game:GetService("Players")
local HttpService       = game:GetService("HttpService")
local SoundService      = game:GetService("SoundService")
local UserInputService  = game:GetService("UserInputService")
local TweenService      = game:GetService("TweenService")
local Debris            = game:GetService("Debris")

--========== CONFIG ==========
local WS_URL    = "wss://api.boblox-script.com/block-spin/items-snipe/ws"
local MAX_ITEMS = 240
local SOUND_ID  = "rbxassetid://9120386436"

--========== BLUE PALETTE ==========
local C = {
    BG        = Color3.fromRGB(10, 14, 26),
    BG2       = Color3.fromRGB(16, 22, 40),
    BG3       = Color3.fromRGB(22, 30, 54),
    CARD      = Color3.fromRGB(26, 35, 62),
    BLUE      = Color3.fromRGB(64, 140, 255),
    BLUE_LT   = Color3.fromRGB(120, 180, 255),
    BLUE_GLOW = Color3.fromRGB(80, 160, 255),
    CYAN      = Color3.fromRGB(80, 220, 255),
    TEXT      = Color3.fromRGB(232, 240, 255),
    MUTED     = Color3.fromRGB(130, 150, 190),
    LINE      = Color3.fromRGB(38, 52, 88),
    SUCCESS   = Color3.fromRGB(80, 220, 140),
}

--========== WEAPON ICONS ==========
local ICON_MAP = {
    { "sword",   "⚔️", Color3.fromRGB(100, 160, 255), Color3.fromRGB(40,  80, 200) },
    { "katana",  "🗡️", Color3.fromRGB(150, 180, 255), Color3.fromRGB(60, 100, 220) },
    { "blade",   "⚔️", Color3.fromRGB(100, 160, 255), Color3.fromRGB(40,  80, 200) },
    { "dagger",  "🗡️", Color3.fromRGB(150, 180, 255), Color3.fromRGB(60, 100, 220) },
    { "knife",   "🔪", Color3.fromRGB(120, 200, 255), Color3.fromRGB(40, 120, 200) },
    { "sniper",  "🎯", Color3.fromRGB(80,  220, 255), Color3.fromRGB(20, 100, 200) },
    { "pistol",  "🔫", Color3.fromRGB(80,  200, 255), Color3.fromRGB(30, 110, 200) },
    { "rifle",   "🔫", Color3.fromRGB(80,  200, 255), Color3.fromRGB(30, 110, 200) },
    { "gun",     "🔫", Color3.fromRGB(80,  200, 255), Color3.fromRGB(30, 110, 200) },
    { "shotgun", "🔫", Color3.fromRGB(80,  200, 255), Color3.fromRGB(30, 110, 200) },
    { "smg",     "🔫", Color3.fromRGB(80,  200, 255), Color3.fromRGB(30, 110, 200) },
    { "bow",     "🏹", Color3.fromRGB(120, 200, 200), Color3.fromRGB(40, 120, 140) },
    { "arrow",   "🏹", Color3.fromRGB(120, 200, 200), Color3.fromRGB(40, 120, 140) },
    { "axe",     "🪓", Color3.fromRGB(160, 200, 240), Color3.fromRGB(60, 120, 200) },
    { "hammer",  "🔨", Color3.fromRGB(160, 180, 220), Color3.fromRGB(60, 100, 180) },
    { "bomb",    "💣", Color3.fromRGB(255, 140, 140), Color3.fromRGB(180, 40, 80)  },
    { "grenade", "💣", Color3.fromRGB(255, 140, 140), Color3.fromRGB(180, 40, 80)  },
    { "staff",   "🪄", Color3.fromRGB(180, 140, 255), Color3.fromRGB(90,  40, 200) },
    { "wand",    "🪄", Color3.fromRGB(180, 140, 255), Color3.fromRGB(90,  40, 200) },
    { "magic",   "🪄", Color3.fromRGB(180, 140, 255), Color3.fromRGB(90,  40, 200) },
    { "shield",  "🛡️", Color3.fromRGB(120, 180, 255), Color3.fromRGB(50,  90, 200) },
    { "armor",   "🛡️", Color3.fromRGB(120, 180, 255), Color3.fromRGB(50,  90, 200) },
    { "helmet",  "⛑️", Color3.fromRGB(140, 200, 255), Color3.fromRGB(60, 120, 200) },
    { "potion",  "🧪", Color3.fromRGB(120, 240, 180), Color3.fromRGB(40, 160, 120) },
    { "scroll",  "📜", Color3.fromRGB(240, 220, 160), Color3.fromRGB(160, 120, 60) },
    { "gem",     "💎", Color3.fromRGB(120, 220, 255), Color3.fromRGB(40, 140, 200) },
    { "crystal", "💎", Color3.fromRGB(120, 220, 255), Color3.fromRGB(40, 140, 200) },
    { "orb",     "🔮", Color3.fromRGB(200, 140, 255), Color3.fromRGB(100, 40, 200) },
    { "ring",    "💍", Color3.fromRGB(255, 220, 140), Color3.fromRGB(180, 120, 40) },
    { "crown",   "👑", Color3.fromRGB(255, 220, 120), Color3.fromRGB(180, 140, 40) },
    { "mask",    "🎭", Color3.fromRGB(200, 160, 255), Color3.fromRGB(90, 60, 180) },
    { "cape",    "🧣", Color3.fromRGB(255, 140, 180), Color3.fromRGB(180, 40, 100) },
    { "key",     "🗝️", Color3.fromRGB(255, 220, 140), Color3.fromRGB(160, 120, 40) },
    { "book",    "📕", Color3.fromRGB(255, 140, 140), Color3.fromRGB(160, 40, 60)  },
    { "pet",     "🐾", Color3.fromRGB(180, 220, 255), Color3.fromRGB(80, 120, 200) },
    { "wing",    "🪽", Color3.fromRGB(220, 220, 255), Color3.fromRGB(120, 120, 220) },
    { "aura",    "✨", Color3.fromRGB(255, 240, 140), Color3.fromRGB(180, 140, 40) },
}

local function getWeaponIcon(name)
    local lname = string.lower(name or "")
    for _, entry in ipairs(ICON_MAP) do
        if lname:find(entry[1], 1, true) then
            return entry[2], entry[3], entry[4]
        end
    end
    local first = string.upper(string.sub(name or "?", 1, 1))
    return first, C.BLUE, C.CYAN
end

--========== STATE ==========
local items, known = {}, {}
local loaded = false
local st = { q = "", sv = "All", srvOn = true, snd = true, status = "connecting", socket = nil }
local currentTab = "spin"

--========== PARENT ==========
local parent
pcall(function() parent = gethui() end)
if not parent then pcall(function() parent = game:GetService("CoreGui") end) end
if not parent then parent = Players.LocalPlayer:WaitForChild("PlayerGui") end

--========== HELPERS ==========
local function make(cls, props, par)
    local o = Instance.new(cls)
    for k, v in pairs(props) do o[k] = v end
    o.Parent = par
    return o
end
local function corner(o, r)
    local c = Instance.new("UICorner")
    c.CornerRadius = UDim.new(0, r or 8)
    c.Parent = o
    return c
end
local function stroke(o, col, thick, trans)
    local s = Instance.new("UIStroke")
    s.Color = col or C.LINE
    s.Thickness = thick or 1
    s.Transparency = trans or 0
    s.ApplyStrokeMode = Enum.ApplyStrokeMode.Border
    s.Parent = o
    return s
end
local function gradient(o, c1, c2, rot)
    local g = Instance.new("UIGradient")
    g.Color = ColorSequence.new(c1, c2)
    g.Rotation = rot or 0
    g.Parent = o
    return g
end
local function padding(o, t, b, l, r)
    local p = Instance.new("UIPadding")
    p.PaddingTop = UDim.new(0, t or 0)
    p.PaddingBottom = UDim.new(0, b or 0)
    p.PaddingLeft = UDim.new(0, l or 0)
    p.PaddingRight = UDim.new(0, r or 0)
    p.Parent = o
    return p
end
local function timeAgo(ts)
    local s = math.max(0, os.time() - math.floor((ts or 0) / 1000))
    if s < 5 then return "เมื่อสักครู่" end
    if s < 60 then return s .. " วินาที" end
    local m = math.floor(s / 60)
    if m < 60 then return m .. " นาที" end
    local h = math.floor(m / 60)
    if h < 24 then return h .. " ชั่วโมง" end
    return math.floor(h / 24) .. " วัน"
end
local function tween(o, t, props, style, dir)
    local info = TweenInfo.new(t or 0.25, style or Enum.EasingStyle.Quart, dir or Enum.EasingDirection.Out)
    local tw = TweenService:Create(o, info, props)
    tw:Play()
    return tw
end

--========== GUI ==========
local gui = make("ScreenGui", {
    Name = "F3HubV10",
    ResetOnSpawn = false,
    ZIndexBehavior = Enum.ZIndexBehavior.Sibling,
    IgnoreGuiInset = true,
}, parent)

local W, H = 520, 400

local main = make("Frame", {
    Size = UDim2.fromOffset(W, H),
    Position = UDim2.new(0.5, -W/2, 0.5, -H/2),
    BackgroundColor3 = C.BG,
    BorderSizePixel = 0,
    ClipsDescendants = true,
}, gui)
corner(main, 16)
stroke(main, C.BLUE, 1.5, 0.6)
gradient(main, C.BG, C.BG2, 90)

local glow = make("Frame", {
    Size = UDim2.new(1, 8, 1, 8),
    Position = UDim2.fromOffset(-4, -4),
    BackgroundColor3 = C.BLUE_GLOW,
    BackgroundTransparency = 0.92,
    BorderSizePixel = 0,
    ZIndex = 0,
}, main)
corner(glow, 20)

--========== HEADER ==========
local header = make("Frame", {
    Size = UDim2.new(1, 0, 0, 52),
    BackgroundColor3 = C.BG2,
    BorderSizePixel = 0,
    ZIndex = 2,
}, main)
corner(header, 16)
make("Frame", {
    Size = UDim2.new(1, 0, 0, 16),
    Position = UDim2.new(0, 0, 1, -16),
    BackgroundColor3 = C.BG2,
    BorderSizePixel = 0,
    ZIndex = 2,
}, header)
gradient(header, C.BG3, C.BG2, 90)

local headerLine = make("Frame", {
    Size = UDim2.new(1, 0, 0, 2),
    Position = UDim2.new(0, 0, 1, -2),
    BackgroundColor3 = C.BLUE,
    BorderSizePixel = 0,
    ZIndex = 3,
}, header)
gradient(headerLine, C.BLUE, C.CYAN, 0)

local logo = make("Frame", {
    Size = UDim2.fromOffset(34, 34),
    Position = UDim2.fromOffset(14, 9),
    BackgroundColor3 = C.BLUE,
    BorderSizePixel = 0,
    ZIndex = 3,
}, header)
corner(logo, 10)
gradient(logo, C.BLUE, C.CYAN, 45)
make("TextLabel", {
    Size = UDim2.new(1, 0, 1, 0),
    BackgroundTransparency = 1,
    Text = "⚡",
    TextColor3 = Color3.new(1, 1, 1),
    Font = Enum.Font.GothamBold,
    TextSize = 18,
    ZIndex = 4,
}, logo)

local title = make("TextLabel", {
    Size = UDim2.new(1, -180, 0, 18),
    Position = UDim2.fromOffset(58, 9),
    BackgroundTransparency = 1,
    Text = "F3 Hub v10",
    TextColor3 = C.TEXT,
    Font = Enum.Font.GothamBold,
    TextSize = 15,
    TextXAlignment = Enum.TextXAlignment.Left,
    ZIndex = 3,
}, header)
gradient(title, C.TEXT, C.BLUE_LT, 0)

make("TextLabel", {
    Size = UDim2.new(1, -180, 0, 14),
    Position = UDim2.fromOffset(58, 27),
    BackgroundTransparency = 1,
    Text = "BLUE EDITION · สไนเปอร์สด",
    TextColor3 = C.MUTED,
    Font = Enum.Font.GothamMedium,
    TextSize = 9,
    TextXAlignment = Enum.TextXAlignment.Left,
    ZIndex = 3,
}, header)

local function makeHeaderBtn(txt, xOff, color, cb)
    local b = make("TextButton", {
        Size = UDim2.fromOffset(28, 28),
        Position = UDim2.new(1, xOff, 0.5, -14),
        BackgroundColor3 = C.BG3,
        Text = txt,
        TextColor3 = color or C.TEXT,
        Font = Enum.Font.GothamBold,
        TextSize = 13,
        BorderSizePixel = 0,
        AutoButtonColor = false,
        ZIndex = 3,
    }, header)
    corner(b, 7)
    stroke(b, C.LINE, 1, 0.3)
    b.MouseEnter:Connect(function()
        tween(b, 0.2, { BackgroundColor3 = color or C.BLUE })
        if not color then tween(b, 0.2, { TextColor3 = C.BG }) end
    end)
    b.MouseLeave:Connect(function()
        tween(b, 0.2, { BackgroundColor3 = C.BG3 })
        if not color then tween(b, 0.2, { TextColor3 = C.TEXT }) end
    end)
    b.MouseButton1Click:Connect(cb)
    return b
end

makeHeaderBtn("✕", -38, nil, function()
    tween(main, 0.2, { Size = UDim2.fromOffset(W, 0), BackgroundTransparency = 1 })
    task.wait(0.2)
    main.Visible = false
    main.Size = UDim2.fromOffset(W, H)
    main.BackgroundTransparency = 0
end)

local minBtn = makeHeaderBtn("—", -72, nil, function() end)

--========== BODY ==========
local body = make("Frame", {
    Size = UDim2.new(1, 0, 1, -52),
    Position = UDim2.new(0, 0, 0, 52),
    BackgroundTransparency = 1,
}, main)

--========== TABS ==========
local tabsBar = make("Frame", {
    Size = UDim2.new(1, -24, 0, 34),
    Position = UDim2.fromOffset(12, 10),
    BackgroundColor3 = C.BG2,
    BorderSizePixel = 0,
}, body)
corner(tabsBar, 10)
stroke(tabsBar, C.LINE, 1, 0.4)

local tabs = {}
local function makeTab(id, txt, xOff, w, cb)
    local t = make("TextButton", {
        Size = UDim2.fromOffset(w, 26),
        Position = UDim2.fromOffset(xOff, 4),
        BackgroundColor3 = C.BG2,
        Text = txt,
        TextColor3 = C.MUTED,
        Font = Enum.Font.GothamBold,
        TextSize = 11,
        BorderSizePixel = 0,
        AutoButtonColor = false,
    }, tabsBar)
    corner(t, 7)
    tabs[id] = t
    t.MouseButton1Click:Connect(function()
        for _, tb in pairs(tabs) do
            tween(tb, 0.2, { BackgroundColor3 = C.BG2, TextColor3 = C.MUTED })
        end
        tween(t, 0.2, { BackgroundColor3 = C.BLUE, TextColor3 = Color3.new(1,1,1) })
        cb()
    end)
    return t
end

makeTab("spin",  "🎯 สไนเปอร์",  4,   96,  function() currentTab = "spin";  switchTab() end)
makeTab("stats", "📊 สถิติ",    104,  84,  function() currentTab = "stats"; switchTab() end)
makeTab("info",  "ℹ️ ข้อมูล",   192,  90,  function() currentTab = "info";  switchTab() end)
tabs["spin"].BackgroundColor3 = C.BLUE
tabs["spin"].TextColor3 = Color3.new(1,1,1)

--========== PAGES ==========
local pageSpin = make("Frame", {
    Size = UDim2.new(1, -24, 1, -110),
    Position = UDim2.fromOffset(12, 54),
    BackgroundTransparency = 1,
}, body)

local pageStats = make("Frame", {
    Size = UDim2.new(1, -24, 1, -110),
    Position = UDim2.fromOffset(12, 54),
    BackgroundTransparency = 1,
    Visible = false,
}, body)

local pageInfo = make("Frame", {
    Size = UDim2.new(1, -24, 1, -110),
    Position = UDim2.fromOffset(12, 54),
    BackgroundTransparency = 1,
    Visible = false,
}, body)

function switchTab()
    pageSpin.Visible  = (currentTab == "spin")
    pageStats.Visible = (currentTab == "stats")
    pageInfo.Visible  = (currentTab == "info")
end

--========== SNIPER PAGE ==========
local searchBox = make("TextBox", {
    Size = UDim2.new(1, 0, 0, 34),
    BackgroundColor3 = C.BG2,
    Text = "",
    PlaceholderText = "🔍 ค้นหาชื่ออาวุธ...",
    PlaceholderColor3 = C.MUTED,
    TextColor3 = C.TEXT,
    Font = Enum.Font.GothamMedium,
    TextSize = 12,
    BorderSizePixel = 0,
    ClearTextOnFocus = false,
    TextXAlignment = Enum.TextXAlignment.Left,
    TextTruncate = Enum.TextTruncate.AtEnd,
}, pageSpin)
corner(searchBox, 9)
stroke(searchBox, C.LINE, 1, 0.3)
padding(searchBox, 0, 0, 12, 12)
searchBox:GetPropertyChangedSignal("Text"):Connect(function()
    st.q = searchBox.Text
    requestRebuild()
end)

local filterRow = make("Frame", {
    Size = UDim2.new(1, 0, 0, 26),
    Position = UDim2.fromOffset(0, 42),
    BackgroundTransparency = 1,
}, pageSpin)

local serverBtns = {}
local function makeServerBtn(txt, val, x, w)
    local b = make("TextButton", {
        Size = UDim2.fromOffset(w, 26),
        Position = UDim2.fromOffset(x, 0),
        BackgroundColor3 = C.BG2,
        Text = txt,
        TextColor3 = C.MUTED,
        Font = Enum.Font.GothamBold,
        TextSize = 10,
        BorderSizePixel = 0,
        AutoButtonColor = false,
    }, filterRow)
    corner(b, 6)
    stroke(b, C.LINE, 1, 0.4)
    serverBtns[val] = b
    b.MouseButton1Click:Connect(function()
        st.sv = val
        for _, btn in pairs(serverBtns) do
            tween(btn, 0.15, { TextColor3 = C.MUTED, BackgroundColor3 = C.BG2 })
        end
        tween(b, 0.15, { TextColor3 = Color3.new(1,1,1), BackgroundColor3 = C.BLUE })
        requestRebuild()
    end)
end

makeServerBtn("ทั้งหมด", "All", 0, 50)
makeServerBtn("1", "1", 54, 28)
makeServerBtn("2", "2", 86, 28)
makeServerBtn("+", "plus+", 118, 32)
serverBtns["All"].TextColor3 = Color3.new(1,1,1)
serverBtns["All"].BackgroundColor3 = C.BLUE

local function makeToggle(txt, initial, cb, x, w)
    local c = make("Frame", {
        Size = UDim2.fromOffset(w, 26),
        Position = UDim2.fromOffset(x, 0),
        BackgroundColor3 = C.BG2,
        BorderSizePixel = 0,
    }, filterRow)
    corner(c, 6)
    stroke(c, C.LINE, 1, 0.4)
    make("TextLabel", {
        Size = UDim2.new(1, -22, 1, 0),
        Position = UDim2.fromOffset(8, 0),
        BackgroundTransparency = 1,
        Text = txt,
        TextColor3 = C.TEXT,
        Font = Enum.Font.GothamBold,
        TextSize = 9,
        TextXAlignment = Enum.TextXAlignment.Left,
    }, c)
    local dotBg = make("Frame", {
        Size = UDim2.fromOffset(20, 12),
        Position = UDim2.new(1, -26, 0.5, -6),
        BackgroundColor3 = initial and C.BLUE or C.BG3,
        BorderSizePixel = 0,
    }, c)
    corner(dotBg, 6)
    local dot = make("Frame", {
        Size = UDim2.fromOffset(8, 8),
        Position = initial and UDim2.new(1, -11, 0.5, -4) or UDim2.fromOffset(2, 2),
        BackgroundColor3 = Color3.new(1,1,1),
        BorderSizePixel = 0,
    }, dotBg)
    corner(dot, 4)
    local v = initial
    c.InputBegan:Connect(function(input)
        if input.UserInputType == Enum.UserInputType.MouseButton1
        or input.UserInputType == Enum.UserInputType.Touch then
            v = not v
            tween(dotBg, 0.2, { BackgroundColor3 = v and C.BLUE or C.BG3 })
            tween(dot, 0.2, {
                Position = v and UDim2.new(1, -11, 0.5, -4) or UDim2.fromOffset(2, 2)
            })
            cb(v)
        end
    end)
end

makeToggle("🖥 เซิร์ฟเวอร์", true, function(v) st.srvOn = v; requestRebuild() end, 156, 96)
makeToggle("🔔 เสียง",      true, function(v) st.snd = v end, 256, 76)

local listHead = make("Frame", {
    Size = UDim2.new(1, 0, 0, 20),
    Position = UDim2.fromOffset(0, 76),
    BackgroundTransparency = 1,
}, pageSpin)
local listTitle = make("TextLabel", {
    Size = UDim2.new(1, -180, 1, 0),
    BackgroundTransparency = 1,
    Text = "⭐ ดรอป Legendary",
    TextColor3 = C.BLUE_LT,
    Font = Enum.Font.GothamBold,
    TextSize = 12,
    TextXAlignment = Enum.TextXAlignment.Left,
}, listHead)
local statusLabel = make("TextLabel", {
    Size = UDim2.fromOffset(180, 20),
    Position = UDim2.new(1, -180, 0, 0),
    BackgroundTransparency = 1,
    Text = "🔵 กำลังเชื่อมต่อ...",
    TextColor3 = C.MUTED,
    Font = Enum.Font.GothamMedium,
    TextSize = 10,
    TextXAlignment = Enum.TextXAlignment.Right,
}, listHead)

local scroll = make("ScrollingFrame", {
    Size = UDim2.new(1, 0, 1, -100),
    Position = UDim2.fromOffset(0, 100),
    BackgroundColor3 = C.BG2,
    BorderSizePixel = 0,
    ScrollBarThickness = 5,
    ScrollBarImageColor3 = C.BLUE,
    ScrollBarImageTransparency = 0.3,
    CanvasSize = UDim2.new(0, 0, 0, 0),
    AutomaticCanvasSize = Enum.AutomaticSize.Y,
}, pageSpin)
corner(scroll, 12)
stroke(scroll, C.LINE, 1, 0.5)
make("UIListLayout", { Padding = UDim.new(0, 6), SortOrder = Enum.SortOrder.LayoutOrder }, scroll)
padding(scroll, 8, 8, 8, 8)

local statusBar = make("TextLabel", {
    Size = UDim2.new(1, -24, 0, 18),
    Position = UDim2.new(0, 12, 1, -22),
    BackgroundTransparency = 1,
    Text = "",
    TextColor3 = C.MUTED,
    Font = Enum.Font.GothamMedium,
    TextSize = 10,
    TextXAlignment = Enum.TextXAlignment.Left,
}, body)

--========== STATS PAGE ==========
make("TextLabel", {
    Size = UDim2.new(1, 0, 0, 24),
    BackgroundTransparency = 1,
    Text = "📊 สถิติสด",
    TextColor3 = C.BLUE_LT,
    Font = Enum.Font.GothamBold,
    TextSize = 14,
    TextXAlignment = Enum.TextXAlignment.Left,
}, pageStats)

local statCards = {}
local function makeStatCard(title, value, x, y, w)
    local card = make("Frame", {
        Size = UDim2.fromOffset(w, 70),
        Position = UDim2.fromOffset(x, y),
        BackgroundColor3 = C.CARD,
        BorderSizePixel = 0,
    }, pageStats)
    corner(card, 10)
    stroke(card, C.LINE, 1, 0.4)
    gradient(card, C.CARD, C.BG3, 90)
    make("TextLabel", {
        Size = UDim2.new(1, -16, 0, 16),
        Position = UDim2.fromOffset(12, 10),
        BackgroundTransparency = 1,
        Text = title,
        TextColor3 = C.MUTED,
        Font = Enum.Font.GothamBold,
        TextSize = 10,
        TextXAlignment = Enum.TextXAlignment.Left,
    }, card)
    local val = make("TextLabel", {
        Size = UDim2.new(1, -16, 0, 30),
        Position = UDim2.fromOffset(12, 28),
        BackgroundTransparency = 1,
        Text = value,
        TextColor3 = C.CYAN,
        Font = Enum.Font.GothamBold,
        TextSize = 22,
        TextXAlignment = Enum.TextXAlignment.Left,
    }, card)
    gradient(val, C.BLUE_LT, C.CYAN, 0)
    return val
end

statCards.total    = makeStatCard("Legendary ทั้งหมด", "0", 0,   32, 158)
statCards.sessions = makeStatCard("ตามเซิร์ฟเวอร์",     "0", 166, 32, 158)
statCards.uptime   = makeStatCard("ระยะเวลาเปิด",       "0:00", 0,   110, 158)
statCards.rate     = makeStatCard("อัตราต่อนาที",       "0", 166, 110, 158)

local statLog = make("TextLabel", {
    Size = UDim2.new(1, 0, 0, 40),
    Position = UDim2.fromOffset(0, 190),
    BackgroundTransparency = 1,
    Text = "อัปเดตล่าสุดจะแสดงที่นี่...",
    TextColor3 = C.MUTED,
    Font = Enum.Font.Gotham,
    TextSize = 11,
    TextXAlignment = Enum.TextXAlignment.Left,
    TextWrapped = true,
}, pageStats)

--========== INFO PAGE ==========
make("TextLabel", {
    Size = UDim2.new(1, 0, 0, 24),
    BackgroundTransparency = 1,
    Text = "ℹ️ ข้อมูล",
    TextColor3 = C.BLUE_LT,
    Font = Enum.Font.GothamBold,
    TextSize = 14,
    TextXAlignment = Enum.TextXAlignment.Left,
}, pageInfo)

local infoText = [[
🎯 F3 Hub v10 — Blue Edition
━━━━━━━━━━━━━━━━━━━━━━━━
• ติดตามการดรอป Legendary แบบสด
• ไอคอนอาวุธอัจฉริยะตามชนิด
• ปุ่ม COPY คัดลอก JobId
• RightShift ซ่อน/แสดง UI
• ลากแถบด้านบนเพื่อย้ายหน้าต่าง

⚡ เชื่อมต่อผ่าน WebSocket
]]
local infoLabel = make("TextLabel", {
    Size = UDim2.new(1, 0, 1, -30),
    Position = UDim2.fromOffset(0, 32),
    BackgroundColor3 = C.BG2,
    Text = infoText,
    TextColor3 = C.TEXT,
    Font = Enum.Font.GothamMedium,
    TextSize = 11,
    TextXAlignment = Enum.TextXAlignment.Left,
    TextYAlignment = Enum.TextYAlignment.Top,
    TextWrapped = true,
    BorderSizePixel = 0,
}, pageInfo)
corner(infoLabel, 10)
stroke(infoLabel, C.LINE, 1, 0.4)
padding(infoLabel, 12, 12, 14, 14)

--========== FLOATING BUTTON ==========
local fab = make("TextButton", {
    Size = UDim2.fromOffset(56, 56),
    Position = UDim2.new(1, -76, 1, -76),
    BackgroundColor3 = C.BLUE,
    Text = "⚡",
    TextColor3 = Color3.new(1,1,1),
    Font = Enum.Font.GothamBold,
    TextSize = 26,
    BorderSizePixel = 0,
    AutoButtonColor = false,
    ZIndex = 10,
}, gui)
corner(fab, 28)
gradient(fab, C.BLUE, C.CYAN, 135)
stroke(fab, C.BLUE_LT, 2, 0.3)
local fabGlow = make("Frame", {
    Size = UDim2.new(1, 12, 1, 12),
    Position = UDim2.fromOffset(-6, -6),
    BackgroundColor3 = C.BLUE,
    BackgroundTransparency = 0.85,
    BorderSizePixel = 0,
    ZIndex = 9,
}, fab)
corner(fabGlow, 34)

task.spawn(function()
    while fab.Parent do
        tween(fabGlow, 1.2, { BackgroundTransparency = 0.95, Size = UDim2.new(1, 20, 1, 20) }, Enum.EasingStyle.Sine)
        task.wait(1.2)
        tween(fabGlow, 1.2, { BackgroundTransparency = 0.85, Size = UDim2.new(1, 12, 1, 12) }, Enum.EasingStyle.Sine)
        task.wait(1.2)
    end
end)

local fabDragging, fabStart, fabStartPos, fabMoved = false, nil, nil, false
fab.InputBegan:Connect(function(input)
    if input.UserInputType == Enum.UserInputType.MouseButton1
    or input.UserInputType == Enum.UserInputType.Touch then
        fabDragging = true
        fabMoved = false
        fabStart = input.Position
        fabStartPos = fab.Position
        tween(fab, 0.15, { Size = UDim2.fromOffset(60, 60) })
    end
end)
fab.InputEnded:Connect(function(input)
    if input.UserInputType == Enum.UserInputType.MouseButton1
    or input.UserInputType == Enum.UserInputType.Touch then
        fabDragging = false
        tween(fab, 0.15, { Size = UDim2.fromOffset(56, 56) })
        if not fabMoved then
            main.Visible = not main.Visible
            if main.Visible then
                main.Size = UDim2.fromOffset(W, 0)
                tween(main, 0.3, { Size = UDim2.fromOffset(W, H) }, Enum.EasingStyle.Back)
            end
        end
    end
end)
UserInputService.InputChanged:Connect(function(input)
    if fabDragging and (input.UserInputType == Enum.UserInputType.MouseMovement
    or input.UserInputType == Enum.UserInputType.Touch) then
        local d = input.Position - fabStart
        if math.abs(d.X) > 4 or math.abs(d.Y) > 4 then fabMoved = true end
        fab.Position = UDim2.new(
            fabStartPos.X.Scale, fabStartPos.X.Offset + d.X,
            fabStartPos.Y.Scale, fabStartPos.Y.Offset + d.Y
        )
    end
end)

--========== DRAG ==========
local dragging, dragStart, startPos
header.InputBegan:Connect(function(input)
    if input.UserInputType == Enum.UserInputType.MouseButton1
    or input.UserInputType == Enum.UserInputType.Touch then
        dragging = true
        dragStart = input.Position
        startPos = main.Position
    end
end)
header.InputEnded:Connect(function(input)
    if input.UserInputType == Enum.UserInputType.MouseButton1
    or input.UserInputType == Enum.UserInputType.Touch then
        dragging = false
    end
end)
UserInputService.InputChanged:Connect(function(input)
    if dragging and (input.UserInputType == Enum.UserInputType.MouseMovement
    or input.UserInputType == Enum.UserInputType.Touch) then
        local d = input.Position - dragStart
        main.Position = UDim2.new(
            startPos.X.Scale, startPos.X.Offset + d.X,
            startPos.Y.Scale, startPos.Y.Offset + d.Y
        )
    end
end)

--========== MINIMIZE ==========
local mini = false
minBtn.MouseButton1Click:Connect(function()
    mini = not mini
    body.Visible = not mini
    if mini then
        tween(main, 0.25, { Size = UDim2.fromOffset(W, 52) }, Enum.EasingStyle.Quart)
    else
        tween(main, 0.25, { Size = UDim2.fromOffset(W, H) }, Enum.EasingStyle.Quart)
    end
    minBtn.Text = mini and "+" or "—"
end)

--========== TOGGLE KEY ==========
UserInputService.InputBegan:Connect(function(input, gpe)
    if gpe then return end
    if input.KeyCode == Enum.KeyCode.RightShift then
        main.Visible = not main.Visible
    end
end)

--========== COPY ==========
local function copyJobId(id, name)
    if not id or id == "" then
        statusLabel.Text = "⚠️ ไม่มี JobId"
        return
    end
    if setclipboard then
        pcall(setclipboard, id)
        statusLabel.Text = "📋 คัดลอกแล้ว: " .. name
        tween(statusLabel, 0.15, { TextColor3 = C.SUCCESS })
        task.delay(1.2, function()
            tween(statusLabel, 0.3, { TextColor3 = C.MUTED })
        end)
    else
        statusLabel.Text = "⚠️ ไม่รองรับ setclipboard"
    end
end

--========== SOUND ==========
local function ding()
    pcall(function()
        local s = Instance.new("Sound")
        s.SoundId = SOUND_ID
        s.Volume = 0.5
        s.Parent = SoundService
        s:Play()
        Debris:AddItem(s, 3)
    end)
end

--========== RENDER ==========
local function matches(item)
    if item.rarity ~= "Legendary" then return false end
    local sv = string.lower(tostring(item.server or ""))
    if st.sv ~= "All" then
        if st.sv == "plus+" then
            if not sv:find("^plus%+") then return false end
        else
            if not sv:find("^" .. st.sv) then return false end
        end
    end
    if st.q ~= "" then
        if not string.lower(item.name):find(string.lower(st.q), 1, true) then return false end
    end
    return true
end

local function clearList()
    for _, c in ipairs(scroll:GetChildren()) do
        if c:IsA("Frame") or c:IsA("TextButton") then c:Destroy() end
    end
end

local rebuildQ = false
function requestRebuild()
    if rebuildQ then return end
    rebuildQ = true
    task.defer(function()
        task.wait(0.12)
        rebuildQ = false
        pcall(render)
    end)
end

local totalFound = 0
local startTime = os.time()

local function buildCard(item, order)
    local card = make("Frame", {
        Size = UDim2.new(1, 0, 0, 68),
        BackgroundColor3 = C.CARD,
        BorderSizePixel = 0,
        LayoutOrder = order,
    }, scroll)
    corner(card, 10)
    stroke(card, C.LINE, 1, 0.5)
    gradient(card, C.CARD, C.BG3, 90)

    local accent = make("Frame", {
        Size = UDim2.new(0, 3, 1, -12),
        Position = UDim2.new(0, 5, 0.5, 0),
        AnchorPoint = Vector2.new(0, 0.5),
        BackgroundColor3 = C.BLUE,
        BorderSizePixel = 0,
    }, card)
    corner(accent, 2)
    gradient(accent, C.BLUE, C.CYAN, 90)

    local iconTxt, ic1, ic2 = getWeaponIcon(item.name)
    local iconBox = make("Frame", {
        Size = UDim2.fromOffset(48, 48),
        Position = UDim2.fromOffset(14, 10),
        BackgroundColor3 = ic1,
        BorderSizePixel = 0,
    }, card)
    corner(iconBox, 10)
    gradient(iconBox, ic1, ic2, 135)
    stroke(iconBox, C.BLUE_LT, 1, 0.5)

    local iconGlow = make("Frame", {
        Size = UDim2.new(1, 6, 1, 6),
        Position = UDim2.fromOffset(-3, -3),
        BackgroundColor3 = ic1,
        BackgroundTransparency = 0.75,
        BorderSizePixel = 0,
        ZIndex = 0,
    }, iconBox)
    corner(iconGlow, 12)

    make("TextLabel", {
        Size = UDim2.new(1, 0, 1, 0),
        BackgroundTransparency = 1,
        Text = iconTxt,
        TextColor3 = Color3.new(1, 1, 1),
        Font = Enum.Font.GothamBold,
        TextSize = 24,
        ZIndex = 2,
    }, iconBox)

    make("TextLabel", {
        Size = UDim2.new(1, -140, 0, 20),
        Position = UDim2.fromOffset(74, 10),
        BackgroundTransparency = 1,
        Text = item.name,
        TextColor3 = C.BLUE_LT,
        Font = Enum.Font.GothamBold,
        TextSize = 13,
        TextXAlignment = Enum.TextXAlignment.Left,
        TextTruncate = Enum.TextTruncate.AtEnd,
    }, card)

    local meta = "🎯 " .. tostring(item.target or "?")
        .. "   👥 " .. tostring(item.players or "?") .. "/28"
        .. "   ⏱ " .. timeAgo(item.createdTime)
    if st.srvOn then
        meta = meta .. "   🖥 " .. tostring(item.server or "?")
    end

    make("TextLabel", {
        Size = UDim2.new(1, -140, 0, 18),
        Position = UDim2.fromOffset(74, 34),
        BackgroundTransparency = 1,
        Text = meta,
        TextColor3 = C.MUTED,
        Font = Enum.Font.GothamMedium,
        TextSize = 10,
        TextXAlignment = Enum.TextXAlignment.Left,
        TextTruncate = Enum.TextTruncate.AtEnd,
    }, card)

    local btn = make("TextButton", {
        Size = UDim2.fromOffset(56, 28),
        Position = UDim2.new(1, -64, 0.5, -14),
        BackgroundColor3 = C.BLUE,
        Text = "COPY",
        TextColor3 = Color3.new(1,1,1),
        Font = Enum.Font.GothamBold,
        TextSize = 10,
        BorderSizePixel = 0,
        AutoButtonColor = false,
        ZIndex = 3,
    }, card)
    corner(btn, 7)
    gradient(btn, C.BLUE, C.CYAN, 0)
    btn.MouseEnter:Connect(function()
        tween(btn, 0.2, { Size = UDim2.fromOffset(60, 30), Position = UDim2.new(1, -66, 0.5, -15) })
    end)
    btn.MouseLeave:Connect(function()
        tween(btn, 0.2, { Size = UDim2.fromOffset(56, 28), Position = UDim2.new(1, -64, 0.5, -14) })
    end)
    btn.MouseButton1Click:Connect(function()
        copyJobId(item.jobId, item.name)
    end)
end

function render()
    clearList()
    local filtered = {}
    for _, it in ipairs(items) do
        if matches(it) then filtered[#filtered + 1] = it end
    end
    listTitle.Text = string.format("⭐ ดรอป Legendary  •  %d", #filtered)

    statCards.total.Text = tostring(#filtered)
    local srvSet = {}
    for _, it in ipairs(filtered) do
        srvSet[tostring(it.server)] = true
    end
    local cnt = 0
    for _ in pairs(srvSet) do cnt = cnt + 1 end
    statCards.sessions.Text = tostring(cnt)
    local el = os.time() - startTime
    statCards.uptime.Text = string.format("%d:%02d", math.floor(el/60), el%60)
    statCards.rate.Text = tostring(math.floor(#filtered / math.max(1, el/60)) * 1)

    if #filtered == 0 then
        local e = make("Frame", {
            Size = UDim2.new(1, 0, 0, 90),
            BackgroundColor3 = C.CARD,
            BorderSizePixel = 0,
        }, scroll)
        corner(e, 10)
        stroke(e, C.LINE, 1, 0.4)
        make("TextLabel", {
            Size = UDim2.new(1, 0, 0, 40),
            Position = UDim2.fromOffset(0, 12),
            BackgroundTransparency = 1,
            Text = "🎒",
            TextColor3 = C.MUTED,
            Font = Enum.Font.GothamBold,
            TextSize = 32,
        }, e)
        make("TextLabel", {
            Size = UDim2.new(1, 0, 0, 20),
            Position = UDim2.fromOffset(0, 54),
            BackgroundTransparency = 1,
            Text = "ยังไม่มีไอเทม Legendary ขณะนี้",
            TextColor3 = C.TEXT,
            Font = Enum.Font.GothamBold,
            TextSize = 12,
        }, e)
        statusBar.Text = "📊 รวม: 0"
        return
    end

    for i = 1, math.min(#filtered, 40) do
        buildCard(filtered[i], i)
    end
    statusBar.Text = string.format("📊 รวม: %d ไอเทม Legendary", #filtered)
end

--========== STATUS ==========
local function updStatus()
    local map = {
        live       = "🟢 เชื่อมต่อสด",
        fallback   = "🟡 โหมดสำรอง",
        connecting = "🔵 กำลังเชื่อมต่อ...",
    }
    statusLabel.Text = map[st.status] or map.connecting
end

--========== WEBSOCKET ==========
local function getWS()
    if WebSocket and WebSocket.connect then return WebSocket.connect end
    if syn and syn.websocket and syn.websocket.connect then return syn.websocket.connect end
    if websocket and websocket.connect then return websocket.connect end
    return nil
end

local function normalize(packet)
    local d = packet and packet.data
    if not d then return {} end
    local attrs, cols = d.attributes, d.columns
    if type(attrs) ~= "table" or type(cols) ~= "table" then return {} end
    local out = {}
    for _, row in ipairs(cols) do
        local o = {}
        for i, k in ipairs(attrs) do o[k] = row[i] end
        if o.jobId and o.item then
            out[#out + 1] = {
                name        = o.item,
                rarity      = o.rarity or "Epic",
                players     = o.players,
                target      = o.target,
                server      = o.server,
                createdTime = o.createdTime or (os.time() * 1000),
                jobId       = o.jobId,
            }
        end
    end
    return out
end

local function merge(newItems, replace)
    if replace then
        items = newItems
        return
    end
    local ex = {}
    for _, it in ipairs(items) do ex[it.jobId] = true end
    for i = #newItems, 1, -1 do
        local it = newItems[i]
        if not ex[it.jobId] then
            table.insert(items, 1, it)
            ex[it.jobId] = true
        end
    end
    while #items > MAX_ITEMS do table.remove(items) end
end

local function onMsg(raw)
    local ok, packet = pcall(function()
        if type(raw) == "string" then
            local s = string.find(raw, "{")
            return HttpService:JSONDecode(s and string.sub(raw, s) or raw)
        end
        return raw
    end)
    if not ok or type(packet) ~= "table" then return end

    local newItems = normalize(packet)
    if #newItems == 0 then return end

    if not loaded then
        for _, it in ipairs(newItems) do known[it.jobId] = true end
        loaded = true
    else
        for _, it in ipairs(newItems) do
            if it.rarity == "Legendary" and not known[it.jobId] then
                known[it.jobId] = true
                totalFound = totalFound + 1
                if st.snd then ding() end
                statusLabel.Text = "⭐ ใหม่: " .. it.name
                statLog.Text = "🆕 ล่าสุด: " .. it.name .. " · " .. timeAgo(it.createdTime)
                tween(statusLabel, 0.15, { TextColor3 = C.CYAN })
                task.delay(1.5, function()
                    tween(statusLabel, 0.3, { TextColor3 = C.MUTED })
                end)
            end
        end
    end

    if packet.type == "initial" then
        merge(newItems, true)
    else
        merge(newItems, false)
    end
    st.status = "live"
    updStatus()
    requestRebuild()
end

function connectLive()
    local g = getWS()
    if not g then
        st.status = "fallback"; updStatus(); return
    end
    local ok, ws = pcall(g, WS_URL)
    if not ok or not ws then
        st.status = "fallback"; updStatus(); return
    end
    st.socket = ws
    st.status = "live"
    updStatus()
    if ws.OnMessage then pcall(function() ws.OnMessage:Connect(onMsg) end) end
    if ws.OnTextMessage then pcall(function() ws.OnTextMessage:Connect(onMsg) end) end
    if ws.OnError then pcall(function()
        ws.OnError:Connect(function() st.status = "fallback"; updStatus() end)
    end) end
    if ws.OnClose then pcall(function()
        ws.OnClose:Connect(function()
            st.status = "fallback"
            updStatus()
            task.wait(5)
            connectLive()
        end)
    end) end
end

task.spawn(function()
    task.wait(0.5)
    connectLive()
end)

task.spawn(function()
    while task.wait(3) do pcall(render) end
end)

updStatus()
render()

main.Size = UDim2.fromOffset(W, 0)
tween(main, 0.4, { Size = UDim2.fromOffset(W, H) }, Enum.EasingStyle.Back, Enum.EasingDirection.Out)

print("[F3 Hub v10 — Blue Edition] โหลดแล้ว ⚡ | RightShift เพื่อเปิด/ปิด")
